#term ID	term description	observed gene count	background gene count	strength	false discovery rate	matching proteins in your network (IDs)	matching proteins in your network (labels)
GO:0044281	small molecule metabolic process	43	1503	0.48	2.58e-07	3702.AT1G08510.1,3702.AT1G27320.1,3702.AT1G30680.1,3702.AT1G34430.1,3702.AT1G37130.1,3702.AT1G48520.1,3702.AT1G54570.1,3702.AT1G65930.1,3702.AT1G66430.1,3702.AT1G80360.1,3702.AT2G26640.1,3702.AT2G38280.2,3702.AT2G40000.1,3702.AT2G44160.1,3702.AT2G47510.1,3702.AT3G01420.1,3702.AT3G12800.1,3702.AT3G14390.1,3702.AT3G14440.1,3702.AT3G17810.1,3702.AT3G21070.1,3702.AT3G23430.1,3702.AT3G45300.1,3702.AT3G54690.1,3702.AT3G55800.1,3702.AT4G02580.1,3702.AT4G16210.1,3702.AT4G21200.1,3702.AT4G23850.1,3702.AT4G24620.1,3702.AT4G27030.1,3702.AT4G34350.1,3702.AT4G34640.1,3702.AT4G37870.1,3702.AT4G37930.1,3702.AT5G43300.1,3702.AT5G50850.1,3702.AT5G51810.1,3702.AT5G51990.1,3702.AT5G58330.1,3702.AT5G60770.1,3702.AT5G64440.1,3702.AT5G66280.1	FATB,HK3,AT1G30680,EMB3003,NIA2,GATB,PES1,cICDH,AT1G66430,AT1G80360,KCS11,FAC1,HSPRO2,MTHFR2,FUM1,DOX1,SDRB,AT3G14390,NCED3,PYD1,NADK1,PHO1,IVD,SETH3,SBPASE,AT4G02580,ECHIA,GA2OX8,LACS4,PGI1,FADA,HDR,SQS1,PCK1,SHM1,GDPD3,MAB1,GA20OX2,CBF4,AT5G58330,NRT2.4,FAAH,GMD1
GO:0009987	cellular process	148	10581	0.17	1.68e-06	3702.AT1G01860.1,3702.AT1G02140.1,3702.AT1G02680.1,3702.AT1G05260.1,3702.AT1G06040.1,3702.AT1G06590.1,3702.AT1G06950.1,3702.AT1G08510.1,3702.AT1G09960.1,3702.AT1G12840.1,3702.AT1G14100.1,3702.AT1G15080.1,3702.AT1G15110.2,3702.AT1G20110.1,3702.AT1G26110.1,3702.AT1G27320.1,3702.AT1G29070.1,3702.AT1G30450.2,3702.AT1G30680.1,3702.AT1G34430.1,3702.AT1G37130.1,3702.AT1G48520.1,3702.AT1G48930.1,3702.AT1G49910.1,3702.AT1G52310.1,3702.AT1G54570.1,3702.AT1G65930.1,3702.AT1G66430.1,3702.AT1G67370.1,3702.AT1G70600.1,3702.AT1G75660.1,3702.AT1G76890.2,3702.AT1G77030.1,3702.AT1G80360.1,3702.AT2G02970.1,3702.AT2G05100.1,3702.AT2G05840.1,3702.AT2G15430.1,3702.AT2G16910.1,3702.AT2G17820.1,3702.AT2G18060.1,3702.AT2G20680.1,3702.AT2G25820.1,3702.AT2G26640.1,3702.AT2G26770.1,3702.AT2G31510.1,3702.AT2G34480.1,3702.AT2G34680.1,3702.AT2G36910.1,3702.AT2G37190.1,3702.AT2G38120.1,3702.AT2G38280.2,3702.AT2G39450.1,3702.AT2G40000.1,3702.AT2G44160.1,3702.AT2G47510.1,3702.AT3G01420.1,3702.AT3G04840.1,3702.AT3G05610.1,3702.AT3G07370.1,3702.AT3G08550.1,3702.AT3G08720.2,3702.AT3G09740.1,3702.AT3G12800.1,3702.AT3G14390.1,3702.AT3G14440.1,3702.AT3G16090.1,3702.AT3G16630.1,3702.AT3G17810.1,3702.AT3G21070.1,3702.AT3G22320.1,3702.AT3G23430.1,3702.AT3G23730.1,3702.AT3G27820.1,3702.AT3G28340.1,3702.AT3G45300.1,3702.AT3G45640.1,3702.AT3G47430.1,3702.AT3G48590.1,3702.AT3G48930.1,3702.AT3G51970.1,3702.AT3G53230.1,3702.AT3G54180.1,3702.AT3G54230.2,3702.AT3G54690.1,3702.AT3G55800.1,3702.AT3G56640.1,3702.AT3G57130.1,3702.AT3G57490.1,3702.AT3G58490.1,3702.AT4G01370.1,3702.AT4G02560.1,3702.AT4G02580.1,3702.AT4G12110.1,3702.AT4G16195.1,3702.AT4G16210.1,3702.AT4G16570.1,3702.AT4G17620.1,3702.AT4G19040.2,3702.AT4G21200.1,3702.AT4G23850.1,3702.AT4G24620.1,3702.AT4G26410.1,3702.AT4G27030.1,3702.AT4G28320.1,3702.AT4G31400.1,3702.AT4G31700.1,3702.AT4G34350.1,3702.AT4G34640.1,3702.AT4G34870.1,3702.AT4G36290.1,3702.AT4G37870.1,3702.AT4G37930.1,3702.AT4G38470.1,3702.AT4G39660.1,3702.AT5G02850.1,3702.AT5G12370.2,3702.AT5G13870.1,3702.AT5G14580.1,3702.AT5G15180.1,3702.AT5G15550.1,3702.AT5G18380.1,3702.AT5G19990.1,3702.AT5G20350.1,3702.AT5G25380.1,3702.AT5G35530.1,3702.AT5G42270.1,3702.AT5G43300.1,3702.AT5G43500.1,3702.AT5G46210.1,3702.AT5G47500.1,3702.AT5G48030.1,3702.AT5G48930.1,3702.AT5G49720.1,3702.AT5G50850.1,3702.AT5G51600.1,3702.AT5G51810.1,3702.AT5G51990.1,3702.AT5G52470.1,3702.AT5G56580.1,3702.AT5G58330.1,3702.AT5G59240.1,3702.AT5G60770.1,3702.AT5G64440.1,3702.AT5G66030.1,3702.AT5G66280.1,3702.AT5G67250.1,3702.AT5G67570.1	PFC1,MAGO,TAF13,RCI3,STO,AT1G06590,TIC110,FATB,SUT4,DET3,FUT8,LPP2,PSS1,AT1G20110,DCP5,HK3,AT1G29070,CCC1,AT1G30680,EMB3003,NIA2,GATB,GH9C1,BUB3.2,AT1G52310,PES1,cICDH,AT1G66430,ASY1,AT1G70600,XRN3,GT2,AT1G77030,AT1G80360,AT2G02970,LHCB2.1,At2g05840,NRPB3,AMS,HK1,VND1,MAN2,ESE2,KCS11,SCAB1,ARI7,AT2G34480,AIR9,ABCB1,AT2G37190,AUX1,FAC1,MTP11,HSPRO2,MTHFR2,FUM1,DOX1,AT3G04840,AT3G05610,CHIP,KOB1,S6K2,SYP71,SDRB,AT3G14390,NCED3,Hrd1A,KIN13A,PYD1,NADK1,NRPB5,PHO1,XTH16,MDAR4,GATL10,IVD,MPK3,PEX11B,NF-YC1,EMB1080,ASAT1,AtCDC48B,CDKB1;1,SUA,SETH3,SBPASE,SEC15A,BOP1,AT3G57490,AT3G58490,MPK4,LD,AT4G02580,SMO1-1,AT4G16195,ECHIA,PRMT7,AT4G17620,EDR2,GA2OX8,LACS4,PGI1,AT4G26410,FADA,MAN5,CTF7,RPS6A,HDR,SQS1,ROC5,CRT1,PCK1,SHM1,STY46,AGT2,AT5G02850,SEC10,XTH5,AT5G14580,AT5G15180,AT5G15550,AT5G18380,RPT6A,TIP1,CYCA2;1,AT5G35530,VAR1,GDPD3,ARP9,CUL4,PME5,GFA2,HCT,GH9A1,MAB1,PLE,GA20OX2,CBF4,FIB1,MKK6,AT5G58330,AT5G59240,NRT2.4,FAAH,ATGRIP,GMD1,SKIP2,DG1
GO:0043436	oxoacid metabolic process	30	973	0.51	1.37e-05	3702.AT1G08510.1,3702.AT1G34430.1,3702.AT1G37130.1,3702.AT1G48520.1,3702.AT1G65930.1,3702.AT1G66430.1,3702.AT1G80360.1,3702.AT2G26640.1,3702.AT2G40000.1,3702.AT2G44160.1,3702.AT2G47510.1,3702.AT3G01420.1,3702.AT3G12800.1,3702.AT3G14390.1,3702.AT3G14440.1,3702.AT3G17810.1,3702.AT3G23430.1,3702.AT3G45300.1,3702.AT4G16210.1,3702.AT4G21200.1,3702.AT4G23850.1,3702.AT4G24620.1,3702.AT4G27030.1,3702.AT4G34350.1,3702.AT4G37930.1,3702.AT5G50850.1,3702.AT5G51810.1,3702.AT5G51990.1,3702.AT5G58330.1,3702.AT5G60770.1	FATB,EMB3003,NIA2,GATB,cICDH,AT1G66430,AT1G80360,KCS11,HSPRO2,MTHFR2,FUM1,DOX1,SDRB,AT3G14390,NCED3,PYD1,PHO1,IVD,ECHIA,GA2OX8,LACS4,PGI1,FADA,HDR,SHM1,MAB1,GA20OX2,CBF4,AT5G58330,NRT2.4
GO:0044238	primary metabolic process	119	8114	0.19	1.37e-05	3702.AT1G01860.1,3702.AT1G02140.1,3702.AT1G02660.1,3702.AT1G02680.1,3702.AT1G06040.1,3702.AT1G06590.1,3702.AT1G08510.1,3702.AT1G09960.1,3702.AT1G14100.1,3702.AT1G15110.2,3702.AT1G26110.1,3702.AT1G27320.1,3702.AT1G28650.1,3702.AT1G29070.1,3702.AT1G30680.1,3702.AT1G34430.1,3702.AT1G48520.1,3702.AT1G48930.1,3702.AT1G51440.1,3702.AT1G52310.1,3702.AT1G54570.1,3702.AT1G65930.1,3702.AT1G66430.1,3702.AT1G67370.1,3702.AT1G70600.1,3702.AT1G71120.1,3702.AT1G75660.1,3702.AT1G76890.2,3702.AT1G77030.1,3702.AT1G80360.1,3702.AT2G05100.1,3702.AT2G05840.1,3702.AT2G15430.1,3702.AT2G16910.1,3702.AT2G17820.1,3702.AT2G18060.1,3702.AT2G20680.1,3702.AT2G25820.1,3702.AT2G26640.1,3702.AT2G29050.1,3702.AT2G31510.1,3702.AT2G34480.1,3702.AT2G37190.1,3702.AT2G38280.2,3702.AT2G40000.1,3702.AT2G44160.1,3702.AT2G47510.1,3702.AT3G01420.1,3702.AT3G04840.1,3702.AT3G05610.1,3702.AT3G07370.1,3702.AT3G08550.1,3702.AT3G08720.2,3702.AT3G12800.1,3702.AT3G14390.1,3702.AT3G14440.1,3702.AT3G16090.1,3702.AT3G17810.1,3702.AT3G21070.1,3702.AT3G22320.1,3702.AT3G23730.1,3702.AT3G28340.1,3702.AT3G45300.1,3702.AT3G45640.1,3702.AT3G48590.1,3702.AT3G48930.1,3702.AT3G51970.1,3702.AT3G54180.1,3702.AT3G54230.2,3702.AT3G54690.1,3702.AT3G55800.1,3702.AT3G57130.1,3702.AT3G57490.1,3702.AT3G57680.1,3702.AT3G58490.1,3702.AT4G01370.1,3702.AT4G02580.1,3702.AT4G12110.1,3702.AT4G16210.1,3702.AT4G16570.1,3702.AT4G17620.1,3702.AT4G21200.1,3702.AT4G23850.1,3702.AT4G24620.1,3702.AT4G27030.1,3702.AT4G28320.1,3702.AT4G31400.1,3702.AT4G31700.1,3702.AT4G34350.1,3702.AT4G34640.1,3702.AT4G34860.1,3702.AT4G34870.1,3702.AT4G36290.1,3702.AT4G37870.1,3702.AT4G37930.1,3702.AT4G38470.1,3702.AT5G02850.1,3702.AT5G13870.1,3702.AT5G14580.1,3702.AT5G15550.1,3702.AT5G18380.1,3702.AT5G19990.1,3702.AT5G35530.1,3702.AT5G42270.1,3702.AT5G43300.1,3702.AT5G46210.1,3702.AT5G47500.1,3702.AT5G49720.1,3702.AT5G50850.1,3702.AT5G51810.1,3702.AT5G51990.1,3702.AT5G52470.1,3702.AT5G56580.1,3702.AT5G58330.1,3702.AT5G59240.1,3702.AT5G66030.1,3702.AT5G66280.1,3702.AT5G67250.1,3702.AT5G67570.1	PFC1,MAGO,AT1G02660,TAF13,STO,AT1G06590,FATB,SUT4,FUT8,PSS1,DCP5,HK3,AT1G28650,AT1G29070,AT1G30680,EMB3003,GATB,GH9C1,AT1G51440,AT1G52310,PES1,cICDH,AT1G66430,ASY1,AT1G70600,GLIP6,XRN3,GT2,AT1G77030,AT1G80360,LHCB2.1,At2g05840,NRPB3,AMS,HK1,VND1,MAN2,ESE2,KCS11,RBL1,ARI7,AT2G34480,AT2G37190,FAC1,HSPRO2,MTHFR2,FUM1,DOX1,AT3G04840,AT3G05610,CHIP,KOB1,S6K2,SDRB,AT3G14390,NCED3,Hrd1A,PYD1,NADK1,NRPB5,XTH16,GATL10,IVD,MPK3,NF-YC1,EMB1080,ASAT1,CDKB1;1,SUA,SETH3,SBPASE,BOP1,AT3G57490,AT3G57680,AT3G58490,MPK4,AT4G02580,SMO1-1,ECHIA,PRMT7,AT4G17620,GA2OX8,LACS4,PGI1,FADA,MAN5,CTF7,RPS6A,HDR,SQS1,A/N-InvB,ROC5,CRT1,PCK1,SHM1,STY46,AT5G02850,XTH5,AT5G14580,AT5G15550,AT5G18380,RPT6A,AT5G35530,VAR1,GDPD3,CUL4,PME5,GH9A1,MAB1,GA20OX2,CBF4,FIB1,MKK6,AT5G58330,AT5G59240,ATGRIP,GMD1,SKIP2,DG1
GO:0071704	organic substance metabolic process	124	8632	0.18	1.37e-05	3702.AT1G01860.1,3702.AT1G02140.1,3702.AT1G02660.1,3702.AT1G02680.1,3702.AT1G06040.1,3702.AT1G06590.1,3702.AT1G08510.1,3702.AT1G09960.1,3702.AT1G14100.1,3702.AT1G15110.2,3702.AT1G26110.1,3702.AT1G27320.1,3702.AT1G28650.1,3702.AT1G29070.1,3702.AT1G30680.1,3702.AT1G34430.1,3702.AT1G37130.1,3702.AT1G48520.1,3702.AT1G48930.1,3702.AT1G51440.1,3702.AT1G52310.1,3702.AT1G54570.1,3702.AT1G65930.1,3702.AT1G66430.1,3702.AT1G67370.1,3702.AT1G70600.1,3702.AT1G71120.1,3702.AT1G75660.1,3702.AT1G76890.2,3702.AT1G77030.1,3702.AT1G80360.1,3702.AT2G05100.1,3702.AT2G05840.1,3702.AT2G15430.1,3702.AT2G16910.1,3702.AT2G17820.1,3702.AT2G18060.1,3702.AT2G20680.1,3702.AT2G25820.1,3702.AT2G26640.1,3702.AT2G29050.1,3702.AT2G31510.1,3702.AT2G34480.1,3702.AT2G37190.1,3702.AT2G38280.2,3702.AT2G40000.1,3702.AT2G44160.1,3702.AT2G47510.1,3702.AT3G01420.1,3702.AT3G04840.1,3702.AT3G05610.1,3702.AT3G07370.1,3702.AT3G08550.1,3702.AT3G08720.2,3702.AT3G12800.1,3702.AT3G14390.1,3702.AT3G14440.1,3702.AT3G16090.1,3702.AT3G17810.1,3702.AT3G21070.1,3702.AT3G22320.1,3702.AT3G23430.1,3702.AT3G23730.1,3702.AT3G28340.1,3702.AT3G45300.1,3702.AT3G45640.1,3702.AT3G48590.1,3702.AT3G48930.1,3702.AT3G51970.1,3702.AT3G54180.1,3702.AT3G54230.2,3702.AT3G54690.1,3702.AT3G55800.1,3702.AT3G57130.1,3702.AT3G57490.1,3702.AT3G57680.1,3702.AT3G58490.1,3702.AT4G01370.1,3702.AT4G02580.1,3702.AT4G12110.1,3702.AT4G16210.1,3702.AT4G16570.1,3702.AT4G17620.1,3702.AT4G21200.1,3702.AT4G23850.1,3702.AT4G24620.1,3702.AT4G27030.1,3702.AT4G28320.1,3702.AT4G31400.1,3702.AT4G31700.1,3702.AT4G34350.1,3702.AT4G34640.1,3702.AT4G34860.1,3702.AT4G34870.1,3702.AT4G36290.1,3702.AT4G37870.1,3702.AT4G37930.1,3702.AT4G38470.1,3702.AT5G02850.1,3702.AT5G13870.1,3702.AT5G14580.1,3702.AT5G15550.1,3702.AT5G18380.1,3702.AT5G19990.1,3702.AT5G35530.1,3702.AT5G42270.1,3702.AT5G43300.1,3702.AT5G46210.1,3702.AT5G47500.1,3702.AT5G48930.1,3702.AT5G49720.1,3702.AT5G50850.1,3702.AT5G51810.1,3702.AT5G51990.1,3702.AT5G52470.1,3702.AT5G56580.1,3702.AT5G58330.1,3702.AT5G59240.1,3702.AT5G60770.1,3702.AT5G64440.1,3702.AT5G66030.1,3702.AT5G66280.1,3702.AT5G67250.1,3702.AT5G67570.1	PFC1,MAGO,AT1G02660,TAF13,STO,AT1G06590,FATB,SUT4,FUT8,PSS1,DCP5,HK3,AT1G28650,AT1G29070,AT1G30680,EMB3003,NIA2,GATB,GH9C1,AT1G51440,AT1G52310,PES1,cICDH,AT1G66430,ASY1,AT1G70600,GLIP6,XRN3,GT2,AT1G77030,AT1G80360,LHCB2.1,At2g05840,NRPB3,AMS,HK1,VND1,MAN2,ESE2,KCS11,RBL1,ARI7,AT2G34480,AT2G37190,FAC1,HSPRO2,MTHFR2,FUM1,DOX1,AT3G04840,AT3G05610,CHIP,KOB1,S6K2,SDRB,AT3G14390,NCED3,Hrd1A,PYD1,NADK1,NRPB5,PHO1,XTH16,GATL10,IVD,MPK3,NF-YC1,EMB1080,ASAT1,CDKB1;1,SUA,SETH3,SBPASE,BOP1,AT3G57490,AT3G57680,AT3G58490,MPK4,AT4G02580,SMO1-1,ECHIA,PRMT7,AT4G17620,GA2OX8,LACS4,PGI1,FADA,MAN5,CTF7,RPS6A,HDR,SQS1,A/N-InvB,ROC5,CRT1,PCK1,SHM1,STY46,AT5G02850,XTH5,AT5G14580,AT5G15550,AT5G18380,RPT6A,AT5G35530,VAR1,GDPD3,CUL4,PME5,HCT,GH9A1,MAB1,GA20OX2,CBF4,FIB1,MKK6,AT5G58330,AT5G59240,NRT2.4,FAAH,ATGRIP,GMD1,SKIP2,DG1
GO:0008152	metabolic process	134	9671	0.16	1.57e-05	3702.AT1G01860.1,3702.AT1G02140.1,3702.AT1G02660.1,3702.AT1G02680.1,3702.AT1G05260.1,3702.AT1G06040.1,3702.AT1G06590.1,3702.AT1G08510.1,3702.AT1G09960.1,3702.AT1G14100.1,3702.AT1G15080.1,3702.AT1G15110.2,3702.AT1G22400.1,3702.AT1G26110.1,3702.AT1G27320.1,3702.AT1G28650.1,3702.AT1G29070.1,3702.AT1G30680.1,3702.AT1G34430.1,3702.AT1G37130.1,3702.AT1G48520.1,3702.AT1G48930.1,3702.AT1G51440.1,3702.AT1G52310.1,3702.AT1G54570.1,3702.AT1G65930.1,3702.AT1G66430.1,3702.AT1G67370.1,3702.AT1G70600.1,3702.AT1G71120.1,3702.AT1G75660.1,3702.AT1G76890.2,3702.AT1G77030.1,3702.AT1G80360.1,3702.AT2G05100.1,3702.AT2G05840.1,3702.AT2G15430.1,3702.AT2G16910.1,3702.AT2G17820.1,3702.AT2G18060.1,3702.AT2G20680.1,3702.AT2G25820.1,3702.AT2G26640.1,3702.AT2G29050.1,3702.AT2G31510.1,3702.AT2G34480.1,3702.AT2G37190.1,3702.AT2G38280.2,3702.AT2G40000.1,3702.AT2G41040.1,3702.AT2G44160.1,3702.AT2G45750.1,3702.AT2G46960.2,3702.AT2G47510.1,3702.AT3G01420.1,3702.AT3G04840.1,3702.AT3G05610.1,3702.AT3G07370.1,3702.AT3G08550.1,3702.AT3G08720.2,3702.AT3G12800.1,3702.AT3G14390.1,3702.AT3G14440.1,3702.AT3G16090.1,3702.AT3G17810.1,3702.AT3G21070.1,3702.AT3G22320.1,3702.AT3G23430.1,3702.AT3G23730.1,3702.AT3G27820.1,3702.AT3G28340.1,3702.AT3G45300.1,3702.AT3G45640.1,3702.AT3G48590.1,3702.AT3G48930.1,3702.AT3G51970.1,3702.AT3G54180.1,3702.AT3G54230.2,3702.AT3G54690.1,3702.AT3G55800.1,3702.AT3G57130.1,3702.AT3G57490.1,3702.AT3G57680.1,3702.AT3G58490.1,3702.AT4G01370.1,3702.AT4G02580.1,3702.AT4G12110.1,3702.AT4G16210.1,3702.AT4G16570.1,3702.AT4G17620.1,3702.AT4G21200.1,3702.AT4G23850.1,3702.AT4G24620.1,3702.AT4G27030.1,3702.AT4G27270.1,3702.AT4G28320.1,3702.AT4G31400.1,3702.AT4G31700.1,3702.AT4G34350.1,3702.AT4G34640.1,3702.AT4G34860.1,3702.AT4G34870.1,3702.AT4G36290.1,3702.AT4G37870.1,3702.AT4G37930.1,3702.AT4G38470.1,3702.AT4G39660.1,3702.AT5G02850.1,3702.AT5G13870.1,3702.AT5G14580.1,3702.AT5G15180.1,3702.AT5G15550.1,3702.AT5G18380.1,3702.AT5G19990.1,3702.AT5G35530.1,3702.AT5G42270.1,3702.AT5G43300.1,3702.AT5G46210.1,3702.AT5G47500.1,3702.AT5G48930.1,3702.AT5G49720.1,3702.AT5G50850.1,3702.AT5G51810.1,3702.AT5G51990.1,3702.AT5G52470.1,3702.AT5G56580.1,3702.AT5G58330.1,3702.AT5G59240.1,3702.AT5G60770.1,3702.AT5G64440.1,3702.AT5G66030.1,3702.AT5G66280.1,3702.AT5G67250.1,3702.AT5G67570.1	PFC1,MAGO,AT1G02660,TAF13,RCI3,STO,AT1G06590,FATB,SUT4,FUT8,LPP2,PSS1,UGT85A1,DCP5,HK3,AT1G28650,AT1G29070,AT1G30680,EMB3003,NIA2,GATB,GH9C1,AT1G51440,AT1G52310,PES1,cICDH,AT1G66430,ASY1,AT1G70600,GLIP6,XRN3,GT2,AT1G77030,AT1G80360,LHCB2.1,At2g05840,NRPB3,AMS,HK1,VND1,MAN2,ESE2,KCS11,RBL1,ARI7,AT2G34480,AT2G37190,FAC1,HSPRO2,AT2G41040,MTHFR2,AT2G45750,CYP709B1,FUM1,DOX1,AT3G04840,AT3G05610,CHIP,KOB1,S6K2,SDRB,AT3G14390,NCED3,Hrd1A,PYD1,NADK1,NRPB5,PHO1,XTH16,MDAR4,GATL10,IVD,MPK3,NF-YC1,EMB1080,ASAT1,CDKB1;1,SUA,SETH3,SBPASE,BOP1,AT3G57490,AT3G57680,AT3G58490,MPK4,AT4G02580,SMO1-1,ECHIA,PRMT7,AT4G17620,GA2OX8,LACS4,PGI1,FADA,AT4G27270,MAN5,CTF7,RPS6A,HDR,SQS1,A/N-InvB,ROC5,CRT1,PCK1,SHM1,STY46,AGT2,AT5G02850,XTH5,AT5G14580,AT5G15180,AT5G15550,AT5G18380,RPT6A,AT5G35530,VAR1,GDPD3,CUL4,PME5,HCT,GH9A1,MAB1,GA20OX2,CBF4,FIB1,MKK6,AT5G58330,AT5G59240,NRT2.4,FAAH,ATGRIP,GMD1,SKIP2,DG1
GO:0044237	cellular metabolic process	121	8432	0.18	1.65e-05	3702.AT1G01860.1,3702.AT1G02140.1,3702.AT1G02680.1,3702.AT1G05260.1,3702.AT1G06040.1,3702.AT1G06590.1,3702.AT1G08510.1,3702.AT1G09960.1,3702.AT1G14100.1,3702.AT1G15080.1,3702.AT1G15110.2,3702.AT1G26110.1,3702.AT1G27320.1,3702.AT1G29070.1,3702.AT1G30680.1,3702.AT1G34430.1,3702.AT1G37130.1,3702.AT1G48520.1,3702.AT1G48930.1,3702.AT1G52310.1,3702.AT1G54570.1,3702.AT1G65930.1,3702.AT1G66430.1,3702.AT1G67370.1,3702.AT1G70600.1,3702.AT1G75660.1,3702.AT1G76890.2,3702.AT1G77030.1,3702.AT1G80360.1,3702.AT2G05100.1,3702.AT2G05840.1,3702.AT2G15430.1,3702.AT2G16910.1,3702.AT2G17820.1,3702.AT2G18060.1,3702.AT2G20680.1,3702.AT2G25820.1,3702.AT2G26640.1,3702.AT2G31510.1,3702.AT2G34480.1,3702.AT2G37190.1,3702.AT2G38280.2,3702.AT2G40000.1,3702.AT2G44160.1,3702.AT2G47510.1,3702.AT3G01420.1,3702.AT3G04840.1,3702.AT3G05610.1,3702.AT3G07370.1,3702.AT3G08550.1,3702.AT3G08720.2,3702.AT3G12800.1,3702.AT3G14390.1,3702.AT3G14440.1,3702.AT3G16090.1,3702.AT3G17810.1,3702.AT3G21070.1,3702.AT3G22320.1,3702.AT3G23430.1,3702.AT3G23730.1,3702.AT3G27820.1,3702.AT3G28340.1,3702.AT3G45300.1,3702.AT3G45640.1,3702.AT3G48590.1,3702.AT3G48930.1,3702.AT3G51970.1,3702.AT3G54180.1,3702.AT3G54230.2,3702.AT3G54690.1,3702.AT3G55800.1,3702.AT3G57130.1,3702.AT3G57490.1,3702.AT3G58490.1,3702.AT4G01370.1,3702.AT4G02580.1,3702.AT4G12110.1,3702.AT4G16210.1,3702.AT4G16570.1,3702.AT4G17620.1,3702.AT4G21200.1,3702.AT4G23850.1,3702.AT4G24620.1,3702.AT4G27030.1,3702.AT4G28320.1,3702.AT4G31400.1,3702.AT4G31700.1,3702.AT4G34350.1,3702.AT4G34640.1,3702.AT4G34870.1,3702.AT4G36290.1,3702.AT4G37930.1,3702.AT4G38470.1,3702.AT4G39660.1,3702.AT5G02850.1,3702.AT5G13870.1,3702.AT5G14580.1,3702.AT5G15180.1,3702.AT5G15550.1,3702.AT5G18380.1,3702.AT5G19990.1,3702.AT5G35530.1,3702.AT5G42270.1,3702.AT5G43300.1,3702.AT5G46210.1,3702.AT5G47500.1,3702.AT5G48930.1,3702.AT5G49720.1,3702.AT5G50850.1,3702.AT5G51810.1,3702.AT5G51990.1,3702.AT5G52470.1,3702.AT5G56580.1,3702.AT5G58330.1,3702.AT5G59240.1,3702.AT5G60770.1,3702.AT5G64440.1,3702.AT5G66030.1,3702.AT5G66280.1,3702.AT5G67250.1,3702.AT5G67570.1	PFC1,MAGO,TAF13,RCI3,STO,AT1G06590,FATB,SUT4,FUT8,LPP2,PSS1,DCP5,HK3,AT1G29070,AT1G30680,EMB3003,NIA2,GATB,GH9C1,AT1G52310,PES1,cICDH,AT1G66430,ASY1,AT1G70600,XRN3,GT2,AT1G77030,AT1G80360,LHCB2.1,At2g05840,NRPB3,AMS,HK1,VND1,MAN2,ESE2,KCS11,ARI7,AT2G34480,AT2G37190,FAC1,HSPRO2,MTHFR2,FUM1,DOX1,AT3G04840,AT3G05610,CHIP,KOB1,S6K2,SDRB,AT3G14390,NCED3,Hrd1A,PYD1,NADK1,NRPB5,PHO1,XTH16,MDAR4,GATL10,IVD,MPK3,NF-YC1,EMB1080,ASAT1,CDKB1;1,SUA,SETH3,SBPASE,BOP1,AT3G57490,AT3G58490,MPK4,AT4G02580,SMO1-1,ECHIA,PRMT7,AT4G17620,GA2OX8,LACS4,PGI1,FADA,MAN5,CTF7,RPS6A,HDR,SQS1,ROC5,CRT1,SHM1,STY46,AGT2,AT5G02850,XTH5,AT5G14580,AT5G15180,AT5G15550,AT5G18380,RPT6A,AT5G35530,VAR1,GDPD3,CUL4,PME5,HCT,GH9A1,MAB1,GA20OX2,CBF4,FIB1,MKK6,AT5G58330,AT5G59240,NRT2.4,FAAH,ATGRIP,GMD1,SKIP2,DG1
GO:0071840	cellular component organization or biogenesis	51	2471	0.34	2.31e-05	3702.AT1G01860.1,3702.AT1G05260.1,3702.AT1G06950.1,3702.AT1G12840.1,3702.AT1G14100.1,3702.AT1G20110.1,3702.AT1G26110.1,3702.AT1G30680.1,3702.AT1G48930.1,3702.AT1G67370.1,3702.AT1G75660.1,3702.AT2G02970.1,3702.AT2G18060.1,3702.AT2G26770.1,3702.AT2G34480.1,3702.AT2G36910.1,3702.AT2G37190.1,3702.AT3G05610.1,3702.AT3G08550.1,3702.AT3G09740.1,3702.AT3G16630.1,3702.AT3G23730.1,3702.AT3G28340.1,3702.AT3G47430.1,3702.AT3G54180.1,3702.AT3G56640.1,3702.AT4G01370.1,3702.AT4G16570.1,3702.AT4G31400.1,3702.AT4G31700.1,3702.AT4G36290.1,3702.AT4G38470.1,3702.AT5G13870.1,3702.AT5G14580.1,3702.AT5G15180.1,3702.AT5G15550.1,3702.AT5G18380.1,3702.AT5G20350.1,3702.AT5G42270.1,3702.AT5G43500.1,3702.AT5G47500.1,3702.AT5G48030.1,3702.AT5G48930.1,3702.AT5G49720.1,3702.AT5G51600.1,3702.AT5G51810.1,3702.AT5G52470.1,3702.AT5G56580.1,3702.AT5G59240.1,3702.AT5G66030.1,3702.AT5G67570.1	PFC1,RCI3,TIC110,DET3,FUT8,AT1G20110,DCP5,AT1G30680,GH9C1,ASY1,XRN3,AT2G02970,VND1,SCAB1,AT2G34480,ABCB1,AT2G37190,AT3G05610,KOB1,SYP71,KIN13A,XTH16,GATL10,PEX11B,CDKB1;1,SEC15A,MPK4,PRMT7,CTF7,RPS6A,CRT1,STY46,XTH5,AT5G14580,AT5G15180,AT5G15550,AT5G18380,TIP1,VAR1,ARP9,PME5,GFA2,HCT,GH9A1,PLE,GA20OX2,FIB1,MKK6,AT5G59240,ATGRIP,DG1
GO:0019752	carboxylic acid metabolic process	26	863	0.5	5.73e-05	3702.AT1G08510.1,3702.AT1G34430.1,3702.AT1G48520.1,3702.AT1G65930.1,3702.AT1G66430.1,3702.AT1G80360.1,3702.AT2G26640.1,3702.AT2G40000.1,3702.AT2G44160.1,3702.AT2G47510.1,3702.AT3G01420.1,3702.AT3G12800.1,3702.AT3G14390.1,3702.AT3G14440.1,3702.AT3G17810.1,3702.AT3G45300.1,3702.AT4G16210.1,3702.AT4G21200.1,3702.AT4G23850.1,3702.AT4G24620.1,3702.AT4G27030.1,3702.AT4G34350.1,3702.AT4G37930.1,3702.AT5G50850.1,3702.AT5G51810.1,3702.AT5G58330.1	FATB,EMB3003,GATB,cICDH,AT1G66430,AT1G80360,KCS11,HSPRO2,MTHFR2,FUM1,DOX1,SDRB,AT3G14390,NCED3,PYD1,IVD,ECHIA,GA2OX8,LACS4,PGI1,FADA,HDR,SHM1,MAB1,GA20OX2,AT5G58330
GO:0009628	response to abiotic stimulus	37	1699	0.36	0.00040	3702.AT1G01860.1,3702.AT1G05260.1,3702.AT1G06040.1,3702.AT1G17840.1,3702.AT1G27320.1,3702.AT1G31812.1,3702.AT1G37130.1,3702.AT1G65930.1,3702.AT1G80360.1,3702.AT1G80920.1,3702.AT2G05100.1,3702.AT2G17820.1,3702.AT2G26640.1,3702.AT2G35720.1,3702.AT2G36910.1,3702.AT2G37190.1,3702.AT2G38120.1,3702.AT2G41040.1,3702.AT2G47510.1,3702.AT3G07370.1,3702.AT3G08550.1,3702.AT3G08720.2,3702.AT3G14440.1,3702.AT3G27820.1,3702.AT3G45640.1,3702.AT4G01370.1,3702.AT4G03400.1,3702.AT4G27030.1,3702.AT4G37930.1,3702.AT5G14040.1,3702.AT5G35530.1,3702.AT5G42270.1,3702.AT5G46210.1,3702.AT5G48030.1,3702.AT5G49720.1,3702.AT5G51810.1,3702.AT5G59720.1	PFC1,RCI3,STO,ABCG11,HK3,ACBP6,NIA2,cICDH,AT1G80360,J8,LHCB2.1,HK1,KCS11,OWL1,ABCB1,AT2G37190,AUX1,AT2G41040,FUM1,CHIP,KOB1,S6K2,NCED3,MDAR4,MPK3,MPK4,DFL2,FADA,SHM1,PHT3;1,AT5G35530,VAR1,CUL4,GFA2,GH9A1,GA20OX2,HSP18.2
GO:0016043	cellular component organization	44	2271	0.31	0.00075	3702.AT1G05260.1,3702.AT1G06950.1,3702.AT1G12840.1,3702.AT1G14100.1,3702.AT1G20110.1,3702.AT1G26110.1,3702.AT1G30680.1,3702.AT1G48930.1,3702.AT1G67370.1,3702.AT2G02970.1,3702.AT2G18060.1,3702.AT2G26770.1,3702.AT2G34480.1,3702.AT2G36910.1,3702.AT2G37190.1,3702.AT3G05610.1,3702.AT3G08550.1,3702.AT3G09740.1,3702.AT3G16630.1,3702.AT3G23730.1,3702.AT3G28340.1,3702.AT3G47430.1,3702.AT3G54180.1,3702.AT3G56640.1,3702.AT4G01370.1,3702.AT4G16570.1,3702.AT4G31400.1,3702.AT4G36290.1,3702.AT4G38470.1,3702.AT5G13870.1,3702.AT5G15180.1,3702.AT5G20350.1,3702.AT5G42270.1,3702.AT5G43500.1,3702.AT5G47500.1,3702.AT5G48030.1,3702.AT5G48930.1,3702.AT5G49720.1,3702.AT5G51600.1,3702.AT5G51810.1,3702.AT5G52470.1,3702.AT5G56580.1,3702.AT5G66030.1,3702.AT5G67570.1	RCI3,TIC110,DET3,FUT8,AT1G20110,DCP5,AT1G30680,GH9C1,ASY1,AT2G02970,VND1,SCAB1,AT2G34480,ABCB1,AT2G37190,AT3G05610,KOB1,SYP71,KIN13A,XTH16,GATL10,PEX11B,CDKB1;1,SEC15A,MPK4,PRMT7,CTF7,CRT1,STY46,XTH5,AT5G15180,TIP1,VAR1,ARP9,PME5,GFA2,HCT,GH9A1,PLE,GA20OX2,FIB1,MKK6,ATGRIP,DG1
GO:0044255	cellular lipid metabolic process	19	606	0.52	0.0010	3702.AT1G08510.1,3702.AT1G15110.2,3702.AT1G54570.1,3702.AT1G66430.1,3702.AT2G26640.1,3702.AT3G01420.1,3702.AT3G12800.1,3702.AT3G14440.1,3702.AT3G51970.1,3702.AT3G58490.1,3702.AT4G12110.1,3702.AT4G16210.1,3702.AT4G21200.1,3702.AT4G23850.1,3702.AT4G27030.1,3702.AT4G34350.1,3702.AT4G34640.1,3702.AT5G43300.1,3702.AT5G51810.1	FATB,PSS1,PES1,AT1G66430,KCS11,DOX1,SDRB,NCED3,ASAT1,AT3G58490,SMO1-1,ECHIA,GA2OX8,LACS4,FADA,HDR,SQS1,GDPD3,GA20OX2
GO:0006629	lipid metabolic process	23	855	0.45	0.0012	3702.AT1G02660.1,3702.AT1G08510.1,3702.AT1G15110.2,3702.AT1G28650.1,3702.AT1G51440.1,3702.AT1G54570.1,3702.AT1G66430.1,3702.AT1G71120.1,3702.AT2G26640.1,3702.AT3G01420.1,3702.AT3G12800.1,3702.AT3G14440.1,3702.AT3G51970.1,3702.AT3G58490.1,3702.AT4G12110.1,3702.AT4G16210.1,3702.AT4G21200.1,3702.AT4G23850.1,3702.AT4G27030.1,3702.AT4G34350.1,3702.AT4G34640.1,3702.AT5G43300.1,3702.AT5G51810.1	AT1G02660,FATB,PSS1,AT1G28650,AT1G51440,PES1,AT1G66430,GLIP6,KCS11,DOX1,SDRB,NCED3,ASAT1,AT3G58490,SMO1-1,ECHIA,GA2OX8,LACS4,FADA,HDR,SQS1,GDPD3,GA20OX2
GO:0009056	catabolic process	34	1587	0.35	0.0012	3702.AT1G02140.1,3702.AT1G05260.1,3702.AT1G26110.1,3702.AT1G28650.1,3702.AT1G34430.1,3702.AT1G48930.1,3702.AT1G51440.1,3702.AT1G71120.1,3702.AT1G75660.1,3702.AT1G80360.1,3702.AT2G05840.1,3702.AT2G20680.1,3702.AT2G40000.1,3702.AT3G01420.1,3702.AT3G05610.1,3702.AT3G16090.1,3702.AT3G17810.1,3702.AT3G27820.1,3702.AT3G45300.1,3702.AT3G51970.1,3702.AT3G57130.1,3702.AT4G16210.1,3702.AT4G24620.1,3702.AT4G27030.1,3702.AT4G28320.1,3702.AT5G14580.1,3702.AT5G15180.1,3702.AT5G19990.1,3702.AT5G42270.1,3702.AT5G43300.1,3702.AT5G46210.1,3702.AT5G47500.1,3702.AT5G49720.1,3702.AT5G50850.1	MAGO,RCI3,DCP5,AT1G28650,EMB3003,GH9C1,AT1G51440,GLIP6,XRN3,AT1G80360,At2g05840,MAN2,HSPRO2,DOX1,AT3G05610,Hrd1A,PYD1,MDAR4,IVD,ASAT1,BOP1,ECHIA,PGI1,FADA,MAN5,AT5G14580,AT5G15180,RPT6A,VAR1,GDPD3,CUL4,PME5,GH9A1,MAB1
GO:1901575	organic substance catabolic process	31	1377	0.38	0.0012	3702.AT1G02140.1,3702.AT1G26110.1,3702.AT1G28650.1,3702.AT1G34430.1,3702.AT1G48930.1,3702.AT1G51440.1,3702.AT1G71120.1,3702.AT1G75660.1,3702.AT1G80360.1,3702.AT2G05840.1,3702.AT2G20680.1,3702.AT2G40000.1,3702.AT3G01420.1,3702.AT3G05610.1,3702.AT3G16090.1,3702.AT3G17810.1,3702.AT3G45300.1,3702.AT3G51970.1,3702.AT3G57130.1,3702.AT4G16210.1,3702.AT4G24620.1,3702.AT4G27030.1,3702.AT4G28320.1,3702.AT5G14580.1,3702.AT5G19990.1,3702.AT5G42270.1,3702.AT5G43300.1,3702.AT5G46210.1,3702.AT5G47500.1,3702.AT5G49720.1,3702.AT5G50850.1	MAGO,DCP5,AT1G28650,EMB3003,GH9C1,AT1G51440,GLIP6,XRN3,AT1G80360,At2g05840,MAN2,HSPRO2,DOX1,AT3G05610,Hrd1A,PYD1,IVD,ASAT1,BOP1,ECHIA,PGI1,FADA,MAN5,AT5G14580,RPT6A,VAR1,GDPD3,CUL4,PME5,GH9A1,MAB1
GO:0044248	cellular catabolic process	30	1348	0.37	0.0017	3702.AT1G02140.1,3702.AT1G05260.1,3702.AT1G26110.1,3702.AT1G34430.1,3702.AT1G48930.1,3702.AT1G75660.1,3702.AT1G80360.1,3702.AT2G05840.1,3702.AT2G20680.1,3702.AT2G40000.1,3702.AT3G01420.1,3702.AT3G05610.1,3702.AT3G16090.1,3702.AT3G17810.1,3702.AT3G27820.1,3702.AT3G45300.1,3702.AT3G57130.1,3702.AT4G16210.1,3702.AT4G24620.1,3702.AT4G27030.1,3702.AT4G28320.1,3702.AT5G14580.1,3702.AT5G15180.1,3702.AT5G19990.1,3702.AT5G42270.1,3702.AT5G43300.1,3702.AT5G46210.1,3702.AT5G47500.1,3702.AT5G49720.1,3702.AT5G50850.1	MAGO,RCI3,DCP5,EMB3003,GH9C1,XRN3,AT1G80360,At2g05840,MAN2,HSPRO2,DOX1,AT3G05610,Hrd1A,PYD1,MDAR4,IVD,BOP1,ECHIA,PGI1,FADA,MAN5,AT5G14580,AT5G15180,RPT6A,VAR1,GDPD3,CUL4,PME5,GH9A1,MAB1
GO:0050896	response to stimulus	76	5064	0.2	0.0017	3702.AT1G01860.1,3702.AT1G02140.1,3702.AT1G05260.1,3702.AT1G06040.1,3702.AT1G17840.1,3702.AT1G27320.1,3702.AT1G31812.1,3702.AT1G37130.1,3702.AT1G52310.1,3702.AT1G65930.1,3702.AT1G80360.1,3702.AT1G80920.1,3702.AT2G05100.1,3702.AT2G17820.1,3702.AT2G18060.1,3702.AT2G25820.1,3702.AT2G26640.1,3702.AT2G34680.1,3702.AT2G35720.1,3702.AT2G36910.1,3702.AT2G37190.1,3702.AT2G38120.1,3702.AT2G38280.2,3702.AT2G38290.1,3702.AT2G38330.1,3702.AT2G39450.1,3702.AT2G40000.1,3702.AT2G41040.1,3702.AT2G47510.1,3702.AT3G01420.1,3702.AT3G07370.1,3702.AT3G08550.1,3702.AT3G08720.2,3702.AT3G14440.1,3702.AT3G16090.1,3702.AT3G17810.1,3702.AT3G23430.1,3702.AT3G27820.1,3702.AT3G28340.1,3702.AT3G45640.1,3702.AT3G53230.1,3702.AT3G54180.1,3702.AT3G55800.1,3702.AT3G57130.1,3702.AT3G58490.1,3702.AT4G01370.1,3702.AT4G02580.1,3702.AT4G03400.1,3702.AT4G19040.2,3702.AT4G26410.1,3702.AT4G27030.1,3702.AT4G31400.1,3702.AT4G34870.1,3702.AT4G36290.1,3702.AT4G37870.1,3702.AT4G37930.1,3702.AT4G38470.1,3702.AT4G39660.1,3702.AT5G14040.1,3702.AT5G15180.1,3702.AT5G19990.1,3702.AT5G30510.1,3702.AT5G35530.1,3702.AT5G42270.1,3702.AT5G46210.1,3702.AT5G48030.1,3702.AT5G49720.1,3702.AT5G50850.1,3702.AT5G51600.1,3702.AT5G51810.1,3702.AT5G51990.1,3702.AT5G56580.1,3702.AT5G58330.1,3702.AT5G59720.1,3702.AT5G60770.1,3702.AT5G64440.1	PFC1,MAGO,RCI3,STO,ABCG11,HK3,ACBP6,NIA2,AT1G52310,cICDH,AT1G80360,J8,LHCB2.1,HK1,VND1,ESE2,KCS11,AIR9,OWL1,ABCB1,AT2G37190,AUX1,FAC1,AMT2,AT2G38330,MTP11,HSPRO2,AT2G41040,FUM1,DOX1,CHIP,KOB1,S6K2,NCED3,Hrd1A,PYD1,PHO1,MDAR4,GATL10,MPK3,AtCDC48B,CDKB1;1,SBPASE,BOP1,AT3G58490,MPK4,AT4G02580,DFL2,EDR2,AT4G26410,FADA,CTF7,ROC5,CRT1,PCK1,SHM1,STY46,AGT2,PHT3;1,AT5G15180,RPT6A,RPS1,AT5G35530,VAR1,CUL4,GFA2,GH9A1,MAB1,PLE,GA20OX2,CBF4,MKK6,AT5G58330,HSP18.2,NRT2.4,FAAH
GO:0005975	carbohydrate metabolic process	22	856	0.43	0.0027	3702.AT1G09960.1,3702.AT1G14100.1,3702.AT1G34430.1,3702.AT1G48930.1,3702.AT1G66430.1,3702.AT2G20680.1,3702.AT3G05610.1,3702.AT3G08550.1,3702.AT3G23730.1,3702.AT3G28340.1,3702.AT3G54690.1,3702.AT3G55800.1,3702.AT4G24620.1,3702.AT4G28320.1,3702.AT4G34860.1,3702.AT4G37870.1,3702.AT5G13870.1,3702.AT5G43300.1,3702.AT5G47500.1,3702.AT5G49720.1,3702.AT5G50850.1,3702.AT5G58330.1	SUT4,FUT8,EMB3003,GH9C1,AT1G66430,MAN2,AT3G05610,KOB1,XTH16,GATL10,SETH3,SBPASE,PGI1,MAN5,A/N-InvB,PCK1,XTH5,GDPD3,PME5,GH9A1,MAB1,AT5G58330
GO:1901361	organic cyclic compound catabolic process	11	249	0.67	0.0031	3702.AT1G02140.1,3702.AT1G26110.1,3702.AT1G34430.1,3702.AT1G75660.1,3702.AT1G80360.1,3702.AT2G40000.1,3702.AT3G17810.1,3702.AT3G51970.1,3702.AT4G24620.1,3702.AT5G14580.1,3702.AT5G50850.1	MAGO,DCP5,EMB3003,XRN3,AT1G80360,HSPRO2,PYD1,ASAT1,PGI1,AT5G14580,MAB1
GO:0005976	polysaccharide metabolic process	14	401	0.57	0.0033	3702.AT1G14100.1,3702.AT1G48930.1,3702.AT1G66430.1,3702.AT2G20680.1,3702.AT3G05610.1,3702.AT3G08550.1,3702.AT3G23730.1,3702.AT3G28340.1,3702.AT3G55800.1,3702.AT4G24620.1,3702.AT4G28320.1,3702.AT5G13870.1,3702.AT5G47500.1,3702.AT5G49720.1	FUT8,GH9C1,AT1G66430,MAN2,AT3G05610,KOB1,XTH16,GATL10,SBPASE,PGI1,MAN5,XTH5,PME5,GH9A1
GO:0017144	drug metabolic process	18	626	0.48	0.0033	3702.AT1G05260.1,3702.AT1G34430.1,3702.AT1G37130.1,3702.AT1G54570.1,3702.AT1G65930.1,3702.AT1G80360.1,3702.AT2G47510.1,3702.AT3G05610.1,3702.AT3G17810.1,3702.AT3G27820.1,3702.AT3G28340.1,3702.AT4G02580.1,3702.AT4G24620.1,3702.AT4G37930.1,3702.AT5G15180.1,3702.AT5G47500.1,3702.AT5G50850.1,3702.AT5G58330.1	RCI3,EMB3003,NIA2,PES1,cICDH,AT1G80360,FUM1,AT3G05610,PYD1,MDAR4,GATL10,AT4G02580,PGI1,SHM1,AT5G15180,PME5,MAB1,AT5G58330
GO:0044264	cellular polysaccharide metabolic process	11	258	0.65	0.0037	3702.AT1G14100.1,3702.AT1G48930.1,3702.AT1G66430.1,3702.AT2G20680.1,3702.AT3G08550.1,3702.AT3G23730.1,3702.AT3G55800.1,3702.AT4G24620.1,3702.AT4G28320.1,3702.AT5G13870.1,3702.AT5G49720.1	FUT8,GH9C1,AT1G66430,MAN2,KOB1,XTH16,SBPASE,PGI1,MAN5,XTH5,GH9A1
GO:0044270	cellular nitrogen compound catabolic process	10	214	0.69	0.0037	3702.AT1G02140.1,3702.AT1G26110.1,3702.AT1G34430.1,3702.AT1G75660.1,3702.AT1G80360.1,3702.AT2G40000.1,3702.AT3G17810.1,3702.AT4G24620.1,3702.AT5G14580.1,3702.AT5G50850.1	MAGO,DCP5,EMB3003,XRN3,AT1G80360,HSPRO2,PYD1,PGI1,AT5G14580,MAB1
GO:0046700	heterocycle catabolic process	10	214	0.69	0.0037	3702.AT1G02140.1,3702.AT1G26110.1,3702.AT1G34430.1,3702.AT1G75660.1,3702.AT1G80360.1,3702.AT2G40000.1,3702.AT3G17810.1,3702.AT4G24620.1,3702.AT5G14580.1,3702.AT5G50850.1	MAGO,DCP5,EMB3003,XRN3,AT1G80360,HSPRO2,PYD1,PGI1,AT5G14580,MAB1
GO:0006364	rRNA processing	8	136	0.79	0.0039	3702.AT1G01860.1,3702.AT1G75660.1,3702.AT4G31700.1,3702.AT5G14580.1,3702.AT5G15550.1,3702.AT5G18380.1,3702.AT5G52470.1,3702.AT5G59240.1	PFC1,XRN3,RPS6A,AT5G14580,AT5G15550,AT5G18380,FIB1,AT5G59240
GO:0009416	response to light stimulus	17	585	0.49	0.0039	3702.AT1G06040.1,3702.AT1G31812.1,3702.AT1G37130.1,3702.AT1G80360.1,3702.AT1G80920.1,3702.AT2G05100.1,3702.AT2G26640.1,3702.AT2G35720.1,3702.AT2G36910.1,3702.AT3G08550.1,3702.AT3G45640.1,3702.AT4G03400.1,3702.AT4G37930.1,3702.AT5G42270.1,3702.AT5G46210.1,3702.AT5G51810.1,3702.AT5G59720.1	STO,ACBP6,NIA2,AT1G80360,J8,LHCB2.1,KCS11,OWL1,ABCB1,KOB1,MPK3,DFL2,SHM1,VAR1,CUL4,GA20OX2,HSP18.2
GO:0044283	small molecule biosynthetic process	18	647	0.47	0.0039	3702.AT1G08510.1,3702.AT1G34430.1,3702.AT1G66430.1,3702.AT2G26640.1,3702.AT3G01420.1,3702.AT3G14390.1,3702.AT3G14440.1,3702.AT3G17810.1,3702.AT3G54690.1,3702.AT3G55800.1,3702.AT4G21200.1,3702.AT4G24620.1,3702.AT4G27030.1,3702.AT4G34640.1,3702.AT4G37870.1,3702.AT4G37930.1,3702.AT5G50850.1,3702.AT5G51810.1	FATB,EMB3003,AT1G66430,KCS11,DOX1,AT3G14390,NCED3,PYD1,SETH3,SBPASE,GA2OX8,PGI1,FADA,SQS1,PCK1,SHM1,MAB1,GA20OX2
GO:0019637	organophosphate metabolic process	16	547	0.49	0.0051	3702.AT1G15110.2,3702.AT1G30680.1,3702.AT1G34430.1,3702.AT1G65930.1,3702.AT2G38280.2,3702.AT3G21070.1,3702.AT3G54690.1,3702.AT3G55800.1,3702.AT4G02580.1,3702.AT4G24620.1,3702.AT4G27030.1,3702.AT4G34350.1,3702.AT4G34640.1,3702.AT5G43300.1,3702.AT5G50850.1,3702.AT5G58330.1	PSS1,AT1G30680,EMB3003,cICDH,FAC1,NADK1,SETH3,SBPASE,AT4G02580,PGI1,FADA,HDR,SQS1,GDPD3,MAB1,AT5G58330
GO:0022414	reproductive process	28	1348	0.34	0.0055	3702.AT1G02140.1,3702.AT1G02680.1,3702.AT1G06040.1,3702.AT1G15110.2,3702.AT1G17840.1,3702.AT1G49910.1,3702.AT1G67370.1,3702.AT2G02970.1,3702.AT2G16910.1,3702.AT2G17820.1,3702.AT2G34480.1,3702.AT2G35720.1,3702.AT2G36910.1,3702.AT2G38280.2,3702.AT2G47510.1,3702.AT3G45640.1,3702.AT3G54180.1,3702.AT3G56640.1,3702.AT3G57130.1,3702.AT4G01370.1,3702.AT4G02560.1,3702.AT4G16195.1,3702.AT4G31400.1,3702.AT5G46210.1,3702.AT5G48030.1,3702.AT5G51810.1,3702.AT5G56580.1,3702.AT5G66030.1	MAGO,TAF13,STO,PSS1,ABCG11,BUB3.2,ASY1,AT2G02970,AMS,HK1,AT2G34480,OWL1,ABCB1,FAC1,FUM1,MPK3,CDKB1;1,SEC15A,BOP1,MPK4,LD,AT4G16195,CTF7,CUL4,GFA2,GA20OX2,MKK6,ATGRIP
GO:0042221	response to chemical	45	2654	0.25	0.0055	3702.AT1G02140.1,3702.AT1G05260.1,3702.AT1G17840.1,3702.AT1G27320.1,3702.AT1G37130.1,3702.AT1G65930.1,3702.AT2G05100.1,3702.AT2G17820.1,3702.AT2G18060.1,3702.AT2G25820.1,3702.AT2G34680.1,3702.AT2G36910.1,3702.AT2G38120.1,3702.AT2G38280.2,3702.AT2G38330.1,3702.AT2G39450.1,3702.AT2G40000.1,3702.AT3G01420.1,3702.AT3G07370.1,3702.AT3G08550.1,3702.AT3G14440.1,3702.AT3G16090.1,3702.AT3G27820.1,3702.AT3G45640.1,3702.AT3G53230.1,3702.AT3G54180.1,3702.AT3G57130.1,3702.AT3G58490.1,3702.AT4G01370.1,3702.AT4G19040.2,3702.AT4G26410.1,3702.AT4G27030.1,3702.AT4G37870.1,3702.AT4G37930.1,3702.AT4G39660.1,3702.AT5G15180.1,3702.AT5G19990.1,3702.AT5G30510.1,3702.AT5G42270.1,3702.AT5G46210.1,3702.AT5G49720.1,3702.AT5G51810.1,3702.AT5G51990.1,3702.AT5G59720.1,3702.AT5G60770.1	MAGO,RCI3,ABCG11,HK3,NIA2,cICDH,LHCB2.1,HK1,VND1,ESE2,AIR9,ABCB1,AUX1,FAC1,AT2G38330,MTP11,HSPRO2,DOX1,CHIP,KOB1,NCED3,Hrd1A,MDAR4,MPK3,AtCDC48B,CDKB1;1,BOP1,AT3G58490,MPK4,EDR2,AT4G26410,FADA,PCK1,SHM1,AGT2,AT5G15180,RPT6A,RPS1,VAR1,CUL4,GH9A1,GA20OX2,CBF4,HSP18.2,NRT2.4
GO:0044262	cellular carbohydrate metabolic process	13	386	0.55	0.0055	3702.AT1G09960.1,3702.AT1G14100.1,3702.AT1G48930.1,3702.AT1G66430.1,3702.AT2G20680.1,3702.AT3G08550.1,3702.AT3G23730.1,3702.AT3G55800.1,3702.AT4G24620.1,3702.AT4G28320.1,3702.AT5G13870.1,3702.AT5G43300.1,3702.AT5G49720.1	SUT4,FUT8,GH9C1,AT1G66430,MAN2,KOB1,XTH16,SBPASE,PGI1,MAN5,XTH5,GDPD3,GH9A1
GO:0007049	cell cycle	14	448	0.52	0.0060	3702.AT1G06590.1,3702.AT1G15110.2,3702.AT1G49910.1,3702.AT1G67370.1,3702.AT2G34680.1,3702.AT3G08550.1,3702.AT3G53230.1,3702.AT3G54180.1,3702.AT4G01370.1,3702.AT4G31400.1,3702.AT5G25380.1,3702.AT5G51600.1,3702.AT5G56580.1,3702.AT5G66030.1	AT1G06590,PSS1,BUB3.2,ASY1,AIR9,KOB1,AtCDC48B,CDKB1;1,MPK4,CTF7,CYCA2;1,PLE,MKK6,ATGRIP
GO:0048856	anatomical structure development	41	2361	0.26	0.0060	3702.AT1G02140.1,3702.AT1G02680.1,3702.AT1G06040.1,3702.AT1G10130.1,3702.AT1G12840.1,3702.AT1G15110.2,3702.AT1G17840.1,3702.AT1G27320.1,3702.AT2G02970.1,3702.AT2G15430.1,3702.AT2G16910.1,3702.AT2G17820.1,3702.AT2G18060.1,3702.AT2G34480.1,3702.AT2G34680.1,3702.AT2G35720.1,3702.AT2G36910.1,3702.AT2G38120.1,3702.AT2G38280.2,3702.AT2G47510.1,3702.AT2G47790.1,3702.AT3G08550.1,3702.AT3G16630.1,3702.AT3G45640.1,3702.AT3G54180.1,3702.AT3G56640.1,3702.AT3G57130.1,3702.AT4G01370.1,3702.AT4G02560.1,3702.AT4G26410.1,3702.AT4G28320.1,3702.AT4G31400.1,3702.AT5G12470.1,3702.AT5G20350.1,3702.AT5G42270.1,3702.AT5G46210.1,3702.AT5G48030.1,3702.AT5G49720.1,3702.AT5G51600.1,3702.AT5G51810.1,3702.AT5G56580.1	MAGO,TAF13,STO,ECA3,DET3,PSS1,ABCG11,HK3,AT2G02970,NRPB3,AMS,HK1,VND1,AT2G34480,AIR9,OWL1,ABCB1,AUX1,FAC1,FUM1,AT2G47790,KOB1,KIN13A,MPK3,CDKB1;1,SEC15A,BOP1,MPK4,LD,AT4G26410,MAN5,CTF7,AT5G12470,TIP1,VAR1,CUL4,GFA2,GH9A1,PLE,GA20OX2,MKK6
GO:0006073	cellular glucan metabolic process	9	196	0.68	0.0063	3702.AT1G14100.1,3702.AT1G48930.1,3702.AT1G66430.1,3702.AT3G08550.1,3702.AT3G23730.1,3702.AT3G55800.1,3702.AT4G24620.1,3702.AT5G13870.1,3702.AT5G49720.1	FUT8,GH9C1,AT1G66430,KOB1,XTH16,SBPASE,PGI1,XTH5,GH9A1
GO:0009653	anatomical structure morphogenesis	18	699	0.43	0.0067	3702.AT1G12840.1,3702.AT1G17840.1,3702.AT2G02970.1,3702.AT2G16910.1,3702.AT2G34480.1,3702.AT2G34680.1,3702.AT2G38120.1,3702.AT3G08550.1,3702.AT3G16630.1,3702.AT3G54180.1,3702.AT3G56640.1,3702.AT3G57130.1,3702.AT5G20350.1,3702.AT5G48030.1,3702.AT5G49720.1,3702.AT5G51600.1,3702.AT5G51810.1,3702.AT5G56580.1	DET3,ABCG11,AT2G02970,AMS,AT2G34480,AIR9,AUX1,KOB1,KIN13A,CDKB1;1,SEC15A,BOP1,TIP1,GFA2,GH9A1,PLE,GA20OX2,MKK6
GO:0098656	anion transmembrane transport	10	247	0.63	0.0068	3702.AT1G17840.1,3702.AT1G30450.2,3702.AT1G44100.1,3702.AT1G67640.1,3702.AT2G26900.1,3702.AT2G38120.1,3702.AT2G39130.1,3702.AT3G23430.1,3702.AT5G14040.1,3702.AT5G60770.1	ABCG11,CCC1,AAP5,AT1G67640,BASS2,AUX1,AT2G39130,PHO1,PHT3;1,NRT2.4
GO:0032787	monocarboxylic acid metabolic process	13	413	0.52	0.0083	3702.AT1G08510.1,3702.AT1G34430.1,3702.AT1G66430.1,3702.AT2G26640.1,3702.AT3G01420.1,3702.AT3G12800.1,3702.AT3G14440.1,3702.AT4G16210.1,3702.AT4G23850.1,3702.AT4G24620.1,3702.AT4G27030.1,3702.AT4G34350.1,3702.AT5G50850.1	FATB,EMB3003,AT1G66430,KCS11,DOX1,SDRB,NCED3,ECHIA,LACS4,PGI1,FADA,HDR,MAB1
GO:0055086	nucleobase-containing small molecule metabolic process	13	414	0.52	0.0083	3702.AT1G27320.1,3702.AT1G30680.1,3702.AT1G34430.1,3702.AT1G65930.1,3702.AT2G38280.2,3702.AT3G17810.1,3702.AT3G21070.1,3702.AT3G54690.1,3702.AT4G02580.1,3702.AT4G24620.1,3702.AT5G50850.1,3702.AT5G58330.1,3702.AT5G66280.1	HK3,AT1G30680,EMB3003,cICDH,FAC1,PYD1,NADK1,SETH3,AT4G02580,PGI1,MAB1,AT5G58330,GMD1
GO:0051301	cell division	11	315	0.57	0.0104	3702.AT1G06590.1,3702.AT1G49910.1,3702.AT2G34680.1,3702.AT3G08550.1,3702.AT3G53230.1,3702.AT3G54180.1,3702.AT4G01370.1,3702.AT4G31400.1,3702.AT5G25380.1,3702.AT5G51600.1,3702.AT5G56580.1	AT1G06590,BUB3.2,AIR9,KOB1,AtCDC48B,CDKB1;1,MPK4,CTF7,CYCA2;1,PLE,MKK6
GO:0048646	anatomical structure formation involved in morphogenesis	8	170	0.7	0.0106	3702.AT2G02970.1,3702.AT2G16910.1,3702.AT2G38120.1,3702.AT3G54180.1,3702.AT3G57130.1,3702.AT5G48030.1,3702.AT5G51600.1,3702.AT5G56580.1	AT2G02970,AMS,AUX1,CDKB1;1,BOP1,GFA2,PLE,MKK6
GO:1901576	organic substance biosynthetic process	60	4083	0.19	0.0118	3702.AT1G02680.1,3702.AT1G06040.1,3702.AT1G08510.1,3702.AT1G14100.1,3702.AT1G15110.2,3702.AT1G29070.1,3702.AT1G30680.1,3702.AT1G34430.1,3702.AT1G48520.1,3702.AT1G54570.1,3702.AT1G66430.1,3702.AT1G70600.1,3702.AT1G76890.2,3702.AT1G80360.1,3702.AT2G15430.1,3702.AT2G16910.1,3702.AT2G18060.1,3702.AT2G25820.1,3702.AT2G26640.1,3702.AT2G34480.1,3702.AT2G37190.1,3702.AT2G38280.2,3702.AT3G01420.1,3702.AT3G04840.1,3702.AT3G08550.1,3702.AT3G14390.1,3702.AT3G14440.1,3702.AT3G17810.1,3702.AT3G21070.1,3702.AT3G22320.1,3702.AT3G23430.1,3702.AT3G28340.1,3702.AT3G45640.1,3702.AT3G48590.1,3702.AT3G48930.1,3702.AT3G54180.1,3702.AT3G54690.1,3702.AT3G55800.1,3702.AT3G57490.1,3702.AT4G12110.1,3702.AT4G21200.1,3702.AT4G24620.1,3702.AT4G27030.1,3702.AT4G31700.1,3702.AT4G34350.1,3702.AT4G34640.1,3702.AT4G37870.1,3702.AT4G37930.1,3702.AT5G02850.1,3702.AT5G18380.1,3702.AT5G35530.1,3702.AT5G48930.1,3702.AT5G49720.1,3702.AT5G50850.1,3702.AT5G51810.1,3702.AT5G51990.1,3702.AT5G52470.1,3702.AT5G59240.1,3702.AT5G66280.1,3702.AT5G67570.1	TAF13,STO,FATB,FUT8,PSS1,AT1G29070,AT1G30680,EMB3003,GATB,PES1,AT1G66430,AT1G70600,GT2,AT1G80360,NRPB3,AMS,VND1,ESE2,KCS11,AT2G34480,AT2G37190,FAC1,DOX1,AT3G04840,KOB1,AT3G14390,NCED3,PYD1,NADK1,NRPB5,PHO1,GATL10,MPK3,NF-YC1,EMB1080,CDKB1;1,SETH3,SBPASE,AT3G57490,SMO1-1,GA2OX8,PGI1,FADA,RPS6A,HDR,SQS1,PCK1,SHM1,AT5G02850,AT5G18380,AT5G35530,HCT,GH9A1,MAB1,GA20OX2,CBF4,FIB1,AT5G59240,GMD1,DG1
GO:0006820	anion transport	11	335	0.54	0.0142	3702.AT1G17840.1,3702.AT1G30450.2,3702.AT1G44100.1,3702.AT1G67640.1,3702.AT2G26900.1,3702.AT2G38120.1,3702.AT2G39130.1,3702.AT3G10600.1,3702.AT3G23430.1,3702.AT5G14040.1,3702.AT5G60770.1	ABCG11,CCC1,AAP5,AT1G67640,BASS2,AUX1,AT2G39130,CAT7,PHO1,PHT3;1,NRT2.4
GO:0006970	response to osmotic stress	15	564	0.45	0.0142	3702.AT1G05260.1,3702.AT1G17840.1,3702.AT1G27320.1,3702.AT1G65930.1,3702.AT2G17820.1,3702.AT2G47510.1,3702.AT3G07370.1,3702.AT3G08720.2,3702.AT3G14440.1,3702.AT3G27820.1,3702.AT3G45640.1,3702.AT4G01370.1,3702.AT5G14040.1,3702.AT5G35530.1,3702.AT5G49720.1	RCI3,ABCG11,HK3,cICDH,HK1,FUM1,CHIP,S6K2,NCED3,MDAR4,MPK3,MPK4,PHT3;1,AT5G35530,GH9A1
GO:0009266	response to temperature stimulus	14	505	0.47	0.0142	3702.AT1G01860.1,3702.AT1G05260.1,3702.AT1G27320.1,3702.AT1G31812.1,3702.AT2G05100.1,3702.AT2G26640.1,3702.AT2G37190.1,3702.AT3G07370.1,3702.AT3G08720.2,3702.AT3G45640.1,3702.AT4G01370.1,3702.AT4G37930.1,3702.AT5G48030.1,3702.AT5G59720.1	PFC1,RCI3,HK3,ACBP6,LHCB2.1,KCS11,AT2G37190,CHIP,S6K2,MPK3,MPK4,SHM1,GFA2,HSP18.2
GO:0012501	programmed cell death	6	99	0.81	0.0142	3702.AT3G01420.1,3702.AT3G45640.1,3702.AT4G19040.2,3702.AT4G36290.1,3702.AT4G37930.1,3702.AT5G48030.1	DOX1,MPK3,EDR2,CRT1,SHM1,GFA2
GO:0023014	signal transduction by protein phosphorylation	5	62	0.93	0.0142	3702.AT1G27320.1,3702.AT2G17820.1,3702.AT3G45640.1,3702.AT4G01370.1,3702.AT5G56580.1	HK3,HK1,MPK3,MPK4,MKK6
GO:0046394	carboxylic acid biosynthetic process	14	506	0.46	0.0142	3702.AT1G08510.1,3702.AT1G34430.1,3702.AT1G66430.1,3702.AT2G26640.1,3702.AT3G01420.1,3702.AT3G14390.1,3702.AT3G14440.1,3702.AT3G17810.1,3702.AT4G21200.1,3702.AT4G24620.1,3702.AT4G27030.1,3702.AT4G37930.1,3702.AT5G50850.1,3702.AT5G51810.1	FATB,EMB3003,AT1G66430,KCS11,DOX1,AT3G14390,NCED3,PYD1,GA2OX8,PGI1,FADA,SHM1,MAB1,GA20OX2
GO:0046496	nicotinamide nucleotide metabolic process	6	96	0.82	0.0142	3702.AT1G34430.1,3702.AT1G65930.1,3702.AT3G21070.1,3702.AT4G24620.1,3702.AT5G50850.1,3702.AT5G58330.1	EMB3003,cICDH,NADK1,PGI1,MAB1,AT5G58330
GO:0051321	meiotic cell cycle	7	140	0.72	0.0142	3702.AT1G15110.2,3702.AT1G49910.1,3702.AT1G67370.1,3702.AT4G01370.1,3702.AT4G31400.1,3702.AT5G56580.1,3702.AT5G66030.1	PSS1,BUB3.2,ASY1,MPK4,CTF7,MKK6,ATGRIP
GO:0008610	lipid biosynthetic process	13	454	0.48	0.0143	3702.AT1G08510.1,3702.AT1G15110.2,3702.AT1G54570.1,3702.AT1G66430.1,3702.AT2G26640.1,3702.AT3G01420.1,3702.AT3G14440.1,3702.AT4G12110.1,3702.AT4G21200.1,3702.AT4G27030.1,3702.AT4G34350.1,3702.AT4G34640.1,3702.AT5G51810.1	FATB,PSS1,PES1,AT1G66430,KCS11,DOX1,NCED3,SMO1-1,GA2OX8,FADA,HDR,SQS1,GA20OX2
GO:0071554	cell wall organization or biogenesis	16	639	0.42	0.0143	3702.AT1G05260.1,3702.AT1G14100.1,3702.AT1G48930.1,3702.AT2G18060.1,3702.AT2G20680.1,3702.AT3G05610.1,3702.AT3G08550.1,3702.AT3G16630.1,3702.AT3G23730.1,3702.AT3G28340.1,3702.AT4G28320.1,3702.AT5G13870.1,3702.AT5G15180.1,3702.AT5G47500.1,3702.AT5G48930.1,3702.AT5G49720.1	RCI3,FUT8,GH9C1,VND1,MAN2,AT3G05610,KOB1,KIN13A,XTH16,GATL10,MAN5,XTH5,AT5G15180,PME5,HCT,GH9A1
GO:0009058	biosynthetic process	61	4258	0.18	0.0154	3702.AT1G02680.1,3702.AT1G06040.1,3702.AT1G08510.1,3702.AT1G14100.1,3702.AT1G15110.2,3702.AT1G29070.1,3702.AT1G30680.1,3702.AT1G34430.1,3702.AT1G37130.1,3702.AT1G48520.1,3702.AT1G54570.1,3702.AT1G66430.1,3702.AT1G70600.1,3702.AT1G76890.2,3702.AT1G80360.1,3702.AT2G15430.1,3702.AT2G16910.1,3702.AT2G18060.1,3702.AT2G25820.1,3702.AT2G26640.1,3702.AT2G34480.1,3702.AT2G37190.1,3702.AT2G38280.2,3702.AT3G01420.1,3702.AT3G04840.1,3702.AT3G08550.1,3702.AT3G14390.1,3702.AT3G14440.1,3702.AT3G17810.1,3702.AT3G21070.1,3702.AT3G22320.1,3702.AT3G23430.1,3702.AT3G28340.1,3702.AT3G45640.1,3702.AT3G48590.1,3702.AT3G48930.1,3702.AT3G54180.1,3702.AT3G54690.1,3702.AT3G55800.1,3702.AT3G57490.1,3702.AT4G12110.1,3702.AT4G21200.1,3702.AT4G24620.1,3702.AT4G27030.1,3702.AT4G31700.1,3702.AT4G34350.1,3702.AT4G34640.1,3702.AT4G37870.1,3702.AT4G37930.1,3702.AT5G02850.1,3702.AT5G18380.1,3702.AT5G35530.1,3702.AT5G48930.1,3702.AT5G49720.1,3702.AT5G50850.1,3702.AT5G51810.1,3702.AT5G51990.1,3702.AT5G52470.1,3702.AT5G59240.1,3702.AT5G66280.1,3702.AT5G67570.1	TAF13,STO,FATB,FUT8,PSS1,AT1G29070,AT1G30680,EMB3003,NIA2,GATB,PES1,AT1G66430,AT1G70600,GT2,AT1G80360,NRPB3,AMS,VND1,ESE2,KCS11,AT2G34480,AT2G37190,FAC1,DOX1,AT3G04840,KOB1,AT3G14390,NCED3,PYD1,NADK1,NRPB5,PHO1,GATL10,MPK3,NF-YC1,EMB1080,CDKB1;1,SETH3,SBPASE,AT3G57490,SMO1-1,GA2OX8,PGI1,FADA,RPS6A,HDR,SQS1,PCK1,SHM1,AT5G02850,AT5G18380,AT5G35530,HCT,GH9A1,MAB1,GA20OX2,CBF4,FIB1,AT5G59240,GMD1,DG1
GO:0019439	aromatic compound catabolic process	9	238	0.6	0.0154	3702.AT1G02140.1,3702.AT1G26110.1,3702.AT1G34430.1,3702.AT1G75660.1,3702.AT1G80360.1,3702.AT2G40000.1,3702.AT4G24620.1,3702.AT5G14580.1,3702.AT5G50850.1	MAGO,DCP5,EMB3003,XRN3,AT1G80360,HSPRO2,PGI1,AT5G14580,MAB1
GO:0044085	cellular component biogenesis	20	914	0.36	0.0154	3702.AT1G01860.1,3702.AT1G14100.1,3702.AT1G20110.1,3702.AT1G26110.1,3702.AT1G67370.1,3702.AT1G75660.1,3702.AT2G02970.1,3702.AT2G37190.1,3702.AT3G08550.1,3702.AT3G16630.1,3702.AT3G23730.1,3702.AT4G31700.1,3702.AT5G13870.1,3702.AT5G14580.1,3702.AT5G15550.1,3702.AT5G18380.1,3702.AT5G42270.1,3702.AT5G51600.1,3702.AT5G52470.1,3702.AT5G59240.1	PFC1,FUT8,AT1G20110,DCP5,ASY1,XRN3,AT2G02970,AT2G37190,KOB1,KIN13A,XTH16,RPS6A,XTH5,AT5G14580,AT5G15550,AT5G18380,VAR1,PLE,FIB1,AT5G59240
GO:0009409	response to cold	11	347	0.52	0.0158	3702.AT1G01860.1,3702.AT1G05260.1,3702.AT1G27320.1,3702.AT1G31812.1,3702.AT2G05100.1,3702.AT2G26640.1,3702.AT2G37190.1,3702.AT3G08720.2,3702.AT3G45640.1,3702.AT4G01370.1,3702.AT4G37930.1	PFC1,RCI3,HK3,ACBP6,LHCB2.1,KCS11,AT2G37190,S6K2,MPK3,MPK4,SHM1
GO:0022613	ribonucleoprotein complex biogenesis	10	292	0.56	0.0158	3702.AT1G01860.1,3702.AT1G26110.1,3702.AT1G75660.1,3702.AT2G37190.1,3702.AT4G31700.1,3702.AT5G14580.1,3702.AT5G15550.1,3702.AT5G18380.1,3702.AT5G52470.1,3702.AT5G59240.1	PFC1,DCP5,XRN3,AT2G37190,RPS6A,AT5G14580,AT5G15550,AT5G18380,FIB1,AT5G59240
GO:0048285	organelle fission	7	146	0.7	0.0158	3702.AT1G67370.1,3702.AT3G47430.1,3702.AT4G01370.1,3702.AT4G31400.1,3702.AT5G51600.1,3702.AT5G56580.1,3702.AT5G66030.1	ASY1,PEX11B,MPK4,CTF7,PLE,MKK6,ATGRIP
GO:0000280	nuclear division	6	108	0.77	0.0161	3702.AT1G67370.1,3702.AT4G01370.1,3702.AT4G31400.1,3702.AT5G51600.1,3702.AT5G56580.1,3702.AT5G66030.1	ASY1,MPK4,CTF7,PLE,MKK6,ATGRIP
GO:0009826	unidimensional cell growth	8	196	0.63	0.0161	3702.AT1G12840.1,3702.AT2G34480.1,3702.AT3G08550.1,3702.AT3G54180.1,3702.AT3G56640.1,3702.AT5G20350.1,3702.AT5G49720.1,3702.AT5G51810.1	DET3,AT2G34480,KOB1,CDKB1;1,SEC15A,TIP1,GH9A1,GA20OX2
GO:0016052	carbohydrate catabolic process	9	244	0.59	0.0161	3702.AT1G34430.1,3702.AT1G48930.1,3702.AT2G20680.1,3702.AT3G05610.1,3702.AT4G24620.1,3702.AT4G28320.1,3702.AT5G47500.1,3702.AT5G49720.1,3702.AT5G50850.1	EMB3003,GH9C1,MAN2,AT3G05610,PGI1,MAN5,PME5,GH9A1,MAB1
GO:0032989	cellular component morphogenesis	10	297	0.55	0.0161	3702.AT1G12840.1,3702.AT2G02970.1,3702.AT2G34480.1,3702.AT3G08550.1,3702.AT3G16630.1,3702.AT3G54180.1,3702.AT3G56640.1,3702.AT5G20350.1,3702.AT5G49720.1,3702.AT5G51810.1	DET3,AT2G02970,AT2G34480,KOB1,KIN13A,CDKB1;1,SEC15A,TIP1,GH9A1,GA20OX2
GO:0044249	cellular biosynthetic process	58	4013	0.18	0.0161	3702.AT1G02680.1,3702.AT1G06040.1,3702.AT1G08510.1,3702.AT1G14100.1,3702.AT1G15110.2,3702.AT1G29070.1,3702.AT1G30680.1,3702.AT1G34430.1,3702.AT1G37130.1,3702.AT1G48520.1,3702.AT1G54570.1,3702.AT1G66430.1,3702.AT1G70600.1,3702.AT1G76890.2,3702.AT1G80360.1,3702.AT2G15430.1,3702.AT2G16910.1,3702.AT2G18060.1,3702.AT2G25820.1,3702.AT2G26640.1,3702.AT2G34480.1,3702.AT2G37190.1,3702.AT2G38280.2,3702.AT3G01420.1,3702.AT3G04840.1,3702.AT3G08550.1,3702.AT3G14390.1,3702.AT3G14440.1,3702.AT3G17810.1,3702.AT3G21070.1,3702.AT3G22320.1,3702.AT3G23430.1,3702.AT3G45640.1,3702.AT3G48590.1,3702.AT3G48930.1,3702.AT3G54180.1,3702.AT3G54690.1,3702.AT3G55800.1,3702.AT3G57490.1,3702.AT4G21200.1,3702.AT4G24620.1,3702.AT4G27030.1,3702.AT4G31700.1,3702.AT4G34350.1,3702.AT4G34640.1,3702.AT4G37930.1,3702.AT5G02850.1,3702.AT5G18380.1,3702.AT5G35530.1,3702.AT5G48930.1,3702.AT5G49720.1,3702.AT5G50850.1,3702.AT5G51810.1,3702.AT5G51990.1,3702.AT5G52470.1,3702.AT5G59240.1,3702.AT5G66280.1,3702.AT5G67570.1	TAF13,STO,FATB,FUT8,PSS1,AT1G29070,AT1G30680,EMB3003,NIA2,GATB,PES1,AT1G66430,AT1G70600,GT2,AT1G80360,NRPB3,AMS,VND1,ESE2,KCS11,AT2G34480,AT2G37190,FAC1,DOX1,AT3G04840,KOB1,AT3G14390,NCED3,PYD1,NADK1,NRPB5,PHO1,MPK3,NF-YC1,EMB1080,CDKB1;1,SETH3,SBPASE,AT3G57490,GA2OX8,PGI1,FADA,RPS6A,HDR,SQS1,SHM1,AT5G02850,AT5G18380,AT5G35530,HCT,GH9A1,MAB1,GA20OX2,CBF4,FIB1,AT5G59240,GMD1,DG1
GO:0045229	external encapsulating structure organization	14	533	0.44	0.0161	3702.AT1G05260.1,3702.AT1G14100.1,3702.AT1G48930.1,3702.AT2G02970.1,3702.AT2G18060.1,3702.AT3G05610.1,3702.AT3G08550.1,3702.AT3G23730.1,3702.AT3G28340.1,3702.AT5G13870.1,3702.AT5G15180.1,3702.AT5G47500.1,3702.AT5G48930.1,3702.AT5G49720.1	RCI3,FUT8,GH9C1,AT2G02970,VND1,AT3G05610,KOB1,XTH16,GATL10,XTH5,AT5G15180,PME5,HCT,GH9A1
GO:0046942	carboxylic acid transport	7	147	0.7	0.0161	3702.AT1G17840.1,3702.AT1G44100.1,3702.AT1G67640.1,3702.AT2G26900.1,3702.AT2G38120.1,3702.AT2G39130.1,3702.AT3G10600.1	ABCG11,AAP5,AT1G67640,BASS2,AUX1,AT2G39130,CAT7
GO:1901564	organonitrogen compound metabolic process	59	4116	0.18	0.0161	3702.AT1G06590.1,3702.AT1G14100.1,3702.AT1G15110.2,3702.AT1G27320.1,3702.AT1G29070.1,3702.AT1G34430.1,3702.AT1G48520.1,3702.AT1G52310.1,3702.AT1G65930.1,3702.AT1G70600.1,3702.AT1G80360.1,3702.AT2G05100.1,3702.AT2G05840.1,3702.AT2G17820.1,3702.AT2G29050.1,3702.AT2G31510.1,3702.AT2G34480.1,3702.AT2G37190.1,3702.AT2G38280.2,3702.AT2G40000.1,3702.AT2G44160.1,3702.AT3G04840.1,3702.AT3G07370.1,3702.AT3G08720.2,3702.AT3G14390.1,3702.AT3G16090.1,3702.AT3G17810.1,3702.AT3G21070.1,3702.AT3G45300.1,3702.AT3G45640.1,3702.AT3G48930.1,3702.AT3G54180.1,3702.AT3G54690.1,3702.AT3G57130.1,3702.AT3G57490.1,3702.AT3G57680.1,3702.AT3G58490.1,3702.AT4G01370.1,3702.AT4G02580.1,3702.AT4G16570.1,3702.AT4G24620.1,3702.AT4G27030.1,3702.AT4G31700.1,3702.AT4G34870.1,3702.AT4G37930.1,3702.AT4G38470.1,3702.AT5G18380.1,3702.AT5G19990.1,3702.AT5G35530.1,3702.AT5G42270.1,3702.AT5G46210.1,3702.AT5G50850.1,3702.AT5G51990.1,3702.AT5G52470.1,3702.AT5G56580.1,3702.AT5G58330.1,3702.AT5G59240.1,3702.AT5G64440.1,3702.AT5G67250.1	AT1G06590,FUT8,PSS1,HK3,AT1G29070,EMB3003,GATB,AT1G52310,cICDH,AT1G70600,AT1G80360,LHCB2.1,At2g05840,HK1,RBL1,ARI7,AT2G34480,AT2G37190,FAC1,HSPRO2,MTHFR2,AT3G04840,CHIP,S6K2,AT3G14390,Hrd1A,PYD1,NADK1,IVD,MPK3,EMB1080,CDKB1;1,SETH3,BOP1,AT3G57490,AT3G57680,AT3G58490,MPK4,AT4G02580,PRMT7,PGI1,FADA,RPS6A,ROC5,SHM1,STY46,AT5G18380,RPT6A,AT5G35530,VAR1,CUL4,MAB1,CBF4,FIB1,MKK6,AT5G58330,AT5G59240,FAAH,SKIP2
GO:1903046	meiotic cell cycle process	6	107	0.77	0.0161	3702.AT1G15110.2,3702.AT1G67370.1,3702.AT4G01370.1,3702.AT4G31400.1,3702.AT5G56580.1,3702.AT5G66030.1	PSS1,ASY1,MPK4,CTF7,MKK6,ATGRIP
GO:1901615	organic hydroxy compound metabolic process	9	248	0.58	0.0162	3702.AT1G54570.1,3702.AT1G65930.1,3702.AT3G01420.1,3702.AT3G14440.1,3702.AT3G51970.1,3702.AT4G12110.1,3702.AT4G34640.1,3702.AT5G43300.1,3702.AT5G64440.1	PES1,cICDH,DOX1,NCED3,ASAT1,SMO1-1,SQS1,GDPD3,FAAH
GO:0006733	oxidoreduction coenzyme metabolic process	6	110	0.76	0.0166	3702.AT1G34430.1,3702.AT1G65930.1,3702.AT3G21070.1,3702.AT4G24620.1,3702.AT5G50850.1,3702.AT5G58330.1	EMB3003,cICDH,NADK1,PGI1,MAB1,AT5G58330
GO:0042254	ribosome biogenesis	9	250	0.58	0.0166	3702.AT1G01860.1,3702.AT1G75660.1,3702.AT2G37190.1,3702.AT4G31700.1,3702.AT5G14580.1,3702.AT5G15550.1,3702.AT5G18380.1,3702.AT5G52470.1,3702.AT5G59240.1	PFC1,XRN3,AT2G37190,RPS6A,AT5G14580,AT5G15550,AT5G18380,FIB1,AT5G59240
GO:1901566	organonitrogen compound biosynthetic process	24	1229	0.31	0.0166	3702.AT1G14100.1,3702.AT1G15110.2,3702.AT1G29070.1,3702.AT1G34430.1,3702.AT1G48520.1,3702.AT1G70600.1,3702.AT2G34480.1,3702.AT2G37190.1,3702.AT2G38280.2,3702.AT3G04840.1,3702.AT3G14390.1,3702.AT3G17810.1,3702.AT3G21070.1,3702.AT3G45640.1,3702.AT3G48930.1,3702.AT3G54690.1,3702.AT3G57490.1,3702.AT4G24620.1,3702.AT4G31700.1,3702.AT4G37930.1,3702.AT5G18380.1,3702.AT5G35530.1,3702.AT5G50850.1,3702.AT5G59240.1	FUT8,PSS1,AT1G29070,EMB3003,GATB,AT1G70600,AT2G34480,AT2G37190,FAC1,AT3G04840,AT3G14390,PYD1,NADK1,MPK3,EMB1080,SETH3,AT3G57490,PGI1,RPS6A,SHM1,AT5G18380,AT5G35530,MAB1,AT5G59240
GO:0032501	multicellular organismal process	38	2336	0.23	0.0170	3702.AT1G02140.1,3702.AT1G02680.1,3702.AT1G06040.1,3702.AT1G10130.1,3702.AT1G15110.2,3702.AT1G17840.1,3702.AT1G27320.1,3702.AT2G02970.1,3702.AT2G15430.1,3702.AT2G16910.1,3702.AT2G17820.1,3702.AT2G18060.1,3702.AT2G34480.1,3702.AT2G34680.1,3702.AT2G35720.1,3702.AT2G36910.1,3702.AT2G38120.1,3702.AT2G38280.2,3702.AT2G47510.1,3702.AT2G47790.1,3702.AT3G08550.1,3702.AT3G45640.1,3702.AT3G54180.1,3702.AT3G56640.1,3702.AT3G57130.1,3702.AT4G01370.1,3702.AT4G02560.1,3702.AT4G16195.1,3702.AT4G26410.1,3702.AT4G28320.1,3702.AT4G31400.1,3702.AT5G12470.1,3702.AT5G42270.1,3702.AT5G46210.1,3702.AT5G48030.1,3702.AT5G49720.1,3702.AT5G51810.1,3702.AT5G56580.1	MAGO,TAF13,STO,ECA3,PSS1,ABCG11,HK3,AT2G02970,NRPB3,AMS,HK1,VND1,AT2G34480,AIR9,OWL1,ABCB1,AUX1,FAC1,FUM1,AT2G47790,KOB1,MPK3,CDKB1;1,SEC15A,BOP1,MPK4,LD,AT4G16195,AT4G26410,MAN5,CTF7,AT5G12470,VAR1,CUL4,GFA2,GH9A1,GA20OX2,MKK6
GO:0009626	plant-type hypersensitive response	5	74	0.85	0.0174	3702.AT3G01420.1,3702.AT3G45640.1,3702.AT4G19040.2,3702.AT4G36290.1,3702.AT4G37930.1	DOX1,MPK3,EDR2,CRT1,SHM1
GO:0009791	post-embryonic development	23	1164	0.32	0.0174	3702.AT1G02140.1,3702.AT1G02680.1,3702.AT1G06040.1,3702.AT1G17840.1,3702.AT2G02970.1,3702.AT2G15430.1,3702.AT2G16910.1,3702.AT2G17820.1,3702.AT2G34480.1,3702.AT2G34680.1,3702.AT2G35720.1,3702.AT2G36910.1,3702.AT2G38120.1,3702.AT2G38280.2,3702.AT3G45640.1,3702.AT3G54180.1,3702.AT3G57130.1,3702.AT4G02560.1,3702.AT4G28320.1,3702.AT4G31400.1,3702.AT5G46210.1,3702.AT5G51810.1,3702.AT5G56580.1	MAGO,TAF13,STO,ABCG11,AT2G02970,NRPB3,AMS,HK1,AT2G34480,AIR9,OWL1,ABCB1,AUX1,FAC1,MPK3,CDKB1;1,BOP1,LD,MAN5,CTF7,CUL4,GA20OX2,MKK6
GO:0022402	cell cycle process	9	253	0.57	0.0174	3702.AT1G15110.2,3702.AT1G49910.1,3702.AT1G67370.1,3702.AT3G54180.1,3702.AT4G01370.1,3702.AT4G31400.1,3702.AT5G51600.1,3702.AT5G56580.1,3702.AT5G66030.1	PSS1,BUB3.2,ASY1,CDKB1;1,MPK4,CTF7,PLE,MKK6,ATGRIP
GO:0006094	gluconeogenesis	3	18	1.24	0.0181	3702.AT3G55800.1,3702.AT4G24620.1,3702.AT4G37870.1	SBPASE,PGI1,PCK1
GO:0006066	alcohol metabolic process	6	115	0.74	0.0188	3702.AT1G54570.1,3702.AT1G65930.1,3702.AT3G14440.1,3702.AT4G34640.1,3702.AT5G43300.1,3702.AT5G64440.1	PES1,cICDH,NCED3,SQS1,GDPD3,FAAH
GO:0009651	response to salt stress	13	492	0.44	0.0195	3702.AT1G05260.1,3702.AT1G17840.1,3702.AT1G27320.1,3702.AT1G65930.1,3702.AT2G47510.1,3702.AT3G07370.1,3702.AT3G08720.2,3702.AT3G14440.1,3702.AT3G27820.1,3702.AT4G01370.1,3702.AT5G14040.1,3702.AT5G35530.1,3702.AT5G49720.1	RCI3,ABCG11,HK3,cICDH,FUM1,CHIP,S6K2,NCED3,MDAR4,MPK4,PHT3;1,AT5G35530,GH9A1
GO:0006412	translation	12	433	0.47	0.0198	3702.AT1G29070.1,3702.AT1G48520.1,3702.AT1G70600.1,3702.AT2G34480.1,3702.AT2G37190.1,3702.AT3G04840.1,3702.AT3G48930.1,3702.AT3G57490.1,3702.AT4G31700.1,3702.AT5G18380.1,3702.AT5G35530.1,3702.AT5G59240.1	AT1G29070,GATB,AT1G70600,AT2G34480,AT2G37190,AT3G04840,EMB1080,AT3G57490,RPS6A,AT5G18380,AT5G35530,AT5G59240
GO:0007275	multicellular organism development	35	2127	0.24	0.0198	3702.AT1G02140.1,3702.AT1G02680.1,3702.AT1G06040.1,3702.AT1G10130.1,3702.AT1G15110.2,3702.AT1G17840.1,3702.AT1G27320.1,3702.AT2G02970.1,3702.AT2G15430.1,3702.AT2G16910.1,3702.AT2G17820.1,3702.AT2G18060.1,3702.AT2G34480.1,3702.AT2G34680.1,3702.AT2G35720.1,3702.AT2G36910.1,3702.AT2G38120.1,3702.AT2G38280.2,3702.AT2G47790.1,3702.AT3G08550.1,3702.AT3G45640.1,3702.AT3G54180.1,3702.AT3G57130.1,3702.AT4G01370.1,3702.AT4G02560.1,3702.AT4G26410.1,3702.AT4G28320.1,3702.AT4G31400.1,3702.AT5G12470.1,3702.AT5G42270.1,3702.AT5G46210.1,3702.AT5G48030.1,3702.AT5G49720.1,3702.AT5G51810.1,3702.AT5G56580.1	MAGO,TAF13,STO,ECA3,PSS1,ABCG11,HK3,AT2G02970,NRPB3,AMS,HK1,VND1,AT2G34480,AIR9,OWL1,ABCB1,AUX1,FAC1,AT2G47790,KOB1,MPK3,CDKB1;1,BOP1,MPK4,LD,AT4G26410,MAN5,CTF7,AT5G12470,VAR1,CUL4,GFA2,GH9A1,GA20OX2,MKK6
GO:0072330	monocarboxylic acid biosynthetic process	9	261	0.56	0.0198	3702.AT1G08510.1,3702.AT1G34430.1,3702.AT1G66430.1,3702.AT2G26640.1,3702.AT3G01420.1,3702.AT3G14440.1,3702.AT4G24620.1,3702.AT4G27030.1,3702.AT5G50850.1	FATB,EMB3003,AT1G66430,KCS11,DOX1,NCED3,PGI1,FADA,MAB1
GO:0043603	cellular amide metabolic process	15	625	0.4	0.0199	3702.AT1G29070.1,3702.AT1G48520.1,3702.AT1G70600.1,3702.AT2G34480.1,3702.AT2G37190.1,3702.AT2G44160.1,3702.AT3G04840.1,3702.AT3G48930.1,3702.AT3G57490.1,3702.AT4G31700.1,3702.AT4G37930.1,3702.AT5G18380.1,3702.AT5G35530.1,3702.AT5G50850.1,3702.AT5G59240.1	AT1G29070,GATB,AT1G70600,AT2G34480,AT2G37190,MTHFR2,AT3G04840,EMB1080,AT3G57490,RPS6A,SHM1,AT5G18380,AT5G35530,MAB1,AT5G59240
GO:0000902	cell morphogenesis	9	265	0.55	0.0202	3702.AT1G12840.1,3702.AT2G34480.1,3702.AT3G08550.1,3702.AT3G16630.1,3702.AT3G54180.1,3702.AT3G56640.1,3702.AT5G20350.1,3702.AT5G49720.1,3702.AT5G51810.1	DET3,AT2G34480,KOB1,KIN13A,CDKB1;1,SEC15A,TIP1,GH9A1,GA20OX2
GO:0140013	meiotic nuclear division	5	79	0.82	0.0202	3702.AT1G67370.1,3702.AT4G01370.1,3702.AT4G31400.1,3702.AT5G56580.1,3702.AT5G66030.1	ASY1,MPK4,CTF7,MKK6,ATGRIP
GO:0043604	amide biosynthetic process	13	501	0.44	0.0205	3702.AT1G29070.1,3702.AT1G48520.1,3702.AT1G70600.1,3702.AT2G34480.1,3702.AT2G37190.1,3702.AT3G04840.1,3702.AT3G48930.1,3702.AT3G57490.1,3702.AT4G31700.1,3702.AT5G18380.1,3702.AT5G35530.1,3702.AT5G50850.1,3702.AT5G59240.1	AT1G29070,GATB,AT1G70600,AT2G34480,AT2G37190,AT3G04840,EMB1080,AT3G57490,RPS6A,AT5G18380,AT5G35530,MAB1,AT5G59240
GO:0003006	developmental process involved in reproduction	22	1125	0.31	0.0206	3702.AT1G02140.1,3702.AT1G02680.1,3702.AT1G06040.1,3702.AT1G15110.2,3702.AT1G17840.1,3702.AT2G02970.1,3702.AT2G16910.1,3702.AT2G17820.1,3702.AT2G34480.1,3702.AT2G35720.1,3702.AT2G36910.1,3702.AT2G38280.2,3702.AT2G47510.1,3702.AT3G45640.1,3702.AT3G54180.1,3702.AT3G56640.1,3702.AT3G57130.1,3702.AT4G02560.1,3702.AT4G31400.1,3702.AT5G46210.1,3702.AT5G48030.1,3702.AT5G51810.1	MAGO,TAF13,STO,PSS1,ABCG11,AT2G02970,AMS,HK1,AT2G34480,OWL1,ABCB1,FAC1,FUM1,MPK3,CDKB1;1,SEC15A,BOP1,LD,CTF7,CUL4,GFA2,GA20OX2
GO:0006631	fatty acid metabolic process	8	216	0.59	0.0206	3702.AT1G08510.1,3702.AT1G66430.1,3702.AT2G26640.1,3702.AT3G01420.1,3702.AT3G12800.1,3702.AT4G16210.1,3702.AT4G23850.1,3702.AT4G27030.1	FATB,AT1G66430,KCS11,DOX1,SDRB,ECHIA,LACS4,FADA
GO:0009117	nucleotide metabolic process	10	323	0.51	0.0206	3702.AT1G30680.1,3702.AT1G34430.1,3702.AT1G65930.1,3702.AT2G38280.2,3702.AT3G21070.1,3702.AT3G54690.1,3702.AT4G02580.1,3702.AT4G24620.1,3702.AT5G50850.1,3702.AT5G58330.1	AT1G30680,EMB3003,cICDH,FAC1,NADK1,SETH3,AT4G02580,PGI1,MAB1,AT5G58330
GO:0034655	nucleobase-containing compound catabolic process	7	168	0.64	0.0206	3702.AT1G02140.1,3702.AT1G26110.1,3702.AT1G34430.1,3702.AT1G75660.1,3702.AT4G24620.1,3702.AT5G14580.1,3702.AT5G50850.1	MAGO,DCP5,EMB3003,XRN3,PGI1,AT5G14580,MAB1
GO:0034660	ncRNA metabolic process	9	271	0.54	0.0206	3702.AT1G01860.1,3702.AT1G48520.1,3702.AT1G75660.1,3702.AT4G31700.1,3702.AT5G14580.1,3702.AT5G15550.1,3702.AT5G18380.1,3702.AT5G52470.1,3702.AT5G59240.1	PFC1,GATB,XRN3,RPS6A,AT5G14580,AT5G15550,AT5G18380,FIB1,AT5G59240
GO:0040007	growth	10	325	0.51	0.0206	3702.AT1G12840.1,3702.AT1G27320.1,3702.AT2G34480.1,3702.AT3G08550.1,3702.AT3G54180.1,3702.AT3G56640.1,3702.AT4G31400.1,3702.AT5G20350.1,3702.AT5G49720.1,3702.AT5G51810.1	DET3,HK3,AT2G34480,KOB1,CDKB1;1,SEC15A,CTF7,TIP1,GH9A1,GA20OX2
GO:0042136	neurotransmitter biosynthetic process	3	20	1.2	0.0206	3702.AT1G37130.1,3702.AT3G17810.1,3702.AT4G37930.1	NIA2,PYD1,SHM1
GO:0048589	developmental growth	9	271	0.54	0.0206	3702.AT1G12840.1,3702.AT2G34480.1,3702.AT3G08550.1,3702.AT3G54180.1,3702.AT3G56640.1,3702.AT4G31400.1,3702.AT5G20350.1,3702.AT5G49720.1,3702.AT5G51810.1	DET3,AT2G34480,KOB1,CDKB1;1,SEC15A,CTF7,TIP1,GH9A1,GA20OX2
GO:0071555	cell wall organization	13	503	0.44	0.0206	3702.AT1G05260.1,3702.AT1G14100.1,3702.AT1G48930.1,3702.AT2G18060.1,3702.AT3G05610.1,3702.AT3G08550.1,3702.AT3G23730.1,3702.AT3G28340.1,3702.AT5G13870.1,3702.AT5G15180.1,3702.AT5G47500.1,3702.AT5G48930.1,3702.AT5G49720.1	RCI3,FUT8,GH9C1,VND1,AT3G05610,KOB1,XTH16,GATL10,XTH5,AT5G15180,PME5,HCT,GH9A1
GO:0090698	post-embryonic plant morphogenesis	7	166	0.65	0.0206	3702.AT1G17840.1,3702.AT2G16910.1,3702.AT2G34680.1,3702.AT2G38120.1,3702.AT3G54180.1,3702.AT3G57130.1,3702.AT5G56580.1	ABCG11,AMS,AIR9,AUX1,CDKB1;1,BOP1,MKK6
GO:1905039	carboxylic acid transmembrane transport	6	121	0.72	0.0206	3702.AT1G17840.1,3702.AT1G44100.1,3702.AT1G67640.1,3702.AT2G26900.1,3702.AT2G38120.1,3702.AT2G39130.1	ABCG11,AAP5,AT1G67640,BASS2,AUX1,AT2G39130
GO:0009737	response to abscisic acid	13	511	0.43	0.0211	3702.AT1G17840.1,3702.AT1G27320.1,3702.AT2G05100.1,3702.AT2G17820.1,3702.AT2G38280.2,3702.AT3G01420.1,3702.AT3G07370.1,3702.AT3G08550.1,3702.AT3G45640.1,3702.AT3G58490.1,3702.AT4G01370.1,3702.AT5G46210.1,3702.AT5G51990.1	ABCG11,HK3,LHCB2.1,HK1,FAC1,DOX1,CHIP,KOB1,MPK3,AT3G58490,MPK4,CUL4,CBF4
GO:0006793	phosphorus metabolic process	29	1677	0.26	0.0213	3702.AT1G15080.1,3702.AT1G15110.2,3702.AT1G27320.1,3702.AT1G30680.1,3702.AT1G34430.1,3702.AT1G52310.1,3702.AT1G65930.1,3702.AT1G66430.1,3702.AT2G17820.1,3702.AT2G38280.2,3702.AT3G08720.2,3702.AT3G21070.1,3702.AT3G23430.1,3702.AT3G45640.1,3702.AT3G54180.1,3702.AT3G54690.1,3702.AT3G55800.1,3702.AT4G01370.1,3702.AT4G02580.1,3702.AT4G24620.1,3702.AT4G27030.1,3702.AT4G34350.1,3702.AT4G34640.1,3702.AT4G38470.1,3702.AT5G43300.1,3702.AT5G50850.1,3702.AT5G56580.1,3702.AT5G58330.1,3702.AT5G66280.1	LPP2,PSS1,HK3,AT1G30680,EMB3003,AT1G52310,cICDH,AT1G66430,HK1,FAC1,S6K2,NADK1,PHO1,MPK3,CDKB1;1,SETH3,SBPASE,MPK4,AT4G02580,PGI1,FADA,HDR,SQS1,STY46,GDPD3,MAB1,MKK6,AT5G58330,GMD1
GO:0055085	transmembrane transport	22	1142	0.31	0.0220	3702.AT1G06950.1,3702.AT1G09960.1,3702.AT1G10130.1,3702.AT1G12840.1,3702.AT1G17840.1,3702.AT1G30450.2,3702.AT1G44100.1,3702.AT1G54350.1,3702.AT1G67640.1,3702.AT1G70330.1,3702.AT2G26900.1,3702.AT2G36910.1,3702.AT2G38120.1,3702.AT2G38290.1,3702.AT2G38330.1,3702.AT2G39130.1,3702.AT2G39450.1,3702.AT3G10600.1,3702.AT3G23430.1,3702.AT5G09690.2,3702.AT5G14040.1,3702.AT5G60770.1	TIC110,SUT4,ECA3,DET3,ABCG11,CCC1,AAP5,ABCD2,AT1G67640,ENT1,BASS2,ABCB1,AUX1,AMT2,AT2G38330,AT2G39130,MTP11,CAT7,PHO1,MGT7,PHT3;1,NRT2.4
GO:0006950	response to stress	44	2932	0.2	0.0224	3702.AT1G01860.1,3702.AT1G05260.1,3702.AT1G17840.1,3702.AT1G27320.1,3702.AT1G31812.1,3702.AT1G37130.1,3702.AT1G65930.1,3702.AT2G05100.1,3702.AT2G17820.1,3702.AT2G18060.1,3702.AT2G26640.1,3702.AT2G37190.1,3702.AT2G40000.1,3702.AT2G47510.1,3702.AT3G01420.1,3702.AT3G07370.1,3702.AT3G08720.2,3702.AT3G14440.1,3702.AT3G16090.1,3702.AT3G23430.1,3702.AT3G27820.1,3702.AT3G28340.1,3702.AT3G45640.1,3702.AT3G55800.1,3702.AT3G57130.1,3702.AT4G01370.1,3702.AT4G02580.1,3702.AT4G19040.2,3702.AT4G27030.1,3702.AT4G31400.1,3702.AT4G36290.1,3702.AT4G37870.1,3702.AT4G37930.1,3702.AT5G14040.1,3702.AT5G15180.1,3702.AT5G19990.1,3702.AT5G35530.1,3702.AT5G46210.1,3702.AT5G48030.1,3702.AT5G49720.1,3702.AT5G50850.1,3702.AT5G56580.1,3702.AT5G59720.1,3702.AT5G64440.1	PFC1,RCI3,ABCG11,HK3,ACBP6,NIA2,cICDH,LHCB2.1,HK1,VND1,KCS11,AT2G37190,HSPRO2,FUM1,DOX1,CHIP,S6K2,NCED3,Hrd1A,PHO1,MDAR4,GATL10,MPK3,SBPASE,BOP1,MPK4,AT4G02580,EDR2,FADA,CTF7,CRT1,PCK1,SHM1,PHT3;1,AT5G15180,RPT6A,AT5G35530,CUL4,GFA2,GH9A1,MAB1,MKK6,HSP18.2,FAAH
GO:0071229	cellular response to acid chemical	12	453	0.45	0.0224	3702.AT1G27320.1,3702.AT2G05100.1,3702.AT2G17820.1,3702.AT3G01420.1,3702.AT3G08550.1,3702.AT3G45640.1,3702.AT3G57130.1,3702.AT4G01370.1,3702.AT5G46210.1,3702.AT5G51810.1,3702.AT5G51990.1,3702.AT5G60770.1	HK3,LHCB2.1,HK1,DOX1,KOB1,MPK3,BOP1,MPK4,CUL4,GA20OX2,CBF4,NRT2.4
GO:0006865	amino acid transport	5	86	0.79	0.0231	3702.AT1G44100.1,3702.AT1G67640.1,3702.AT2G38120.1,3702.AT2G39130.1,3702.AT3G10600.1	AAP5,AT1G67640,AUX1,AT2G39130,CAT7
GO:0034641	cellular nitrogen compound metabolic process	60	4363	0.16	0.0233	3702.AT1G01860.1,3702.AT1G02140.1,3702.AT1G02680.1,3702.AT1G06040.1,3702.AT1G26110.1,3702.AT1G27320.1,3702.AT1G29070.1,3702.AT1G30680.1,3702.AT1G34430.1,3702.AT1G37130.1,3702.AT1G48520.1,3702.AT1G65930.1,3702.AT1G67370.1,3702.AT1G70600.1,3702.AT1G75660.1,3702.AT1G76890.2,3702.AT1G77030.1,3702.AT1G80360.1,3702.AT2G15430.1,3702.AT2G16910.1,3702.AT2G18060.1,3702.AT2G25820.1,3702.AT2G34480.1,3702.AT2G37190.1,3702.AT2G38280.2,3702.AT2G40000.1,3702.AT2G44160.1,3702.AT3G04840.1,3702.AT3G17810.1,3702.AT3G21070.1,3702.AT3G22320.1,3702.AT3G45640.1,3702.AT3G48590.1,3702.AT3G48930.1,3702.AT3G54180.1,3702.AT3G54230.2,3702.AT3G54690.1,3702.AT3G57490.1,3702.AT4G02580.1,3702.AT4G17620.1,3702.AT4G24620.1,3702.AT4G31400.1,3702.AT4G31700.1,3702.AT4G36290.1,3702.AT4G37930.1,3702.AT5G02850.1,3702.AT5G14580.1,3702.AT5G15550.1,3702.AT5G18380.1,3702.AT5G35530.1,3702.AT5G46210.1,3702.AT5G50850.1,3702.AT5G51990.1,3702.AT5G52470.1,3702.AT5G58330.1,3702.AT5G59240.1,3702.AT5G64440.1,3702.AT5G66030.1,3702.AT5G66280.1,3702.AT5G67570.1	PFC1,MAGO,TAF13,STO,DCP5,HK3,AT1G29070,AT1G30680,EMB3003,NIA2,GATB,cICDH,ASY1,AT1G70600,XRN3,GT2,AT1G77030,AT1G80360,NRPB3,AMS,VND1,ESE2,AT2G34480,AT2G37190,FAC1,HSPRO2,MTHFR2,AT3G04840,PYD1,NADK1,NRPB5,MPK3,NF-YC1,EMB1080,CDKB1;1,SUA,SETH3,AT3G57490,AT4G02580,AT4G17620,PGI1,CTF7,RPS6A,CRT1,SHM1,AT5G02850,AT5G14580,AT5G15550,AT5G18380,AT5G35530,CUL4,MAB1,CBF4,FIB1,AT5G58330,AT5G59240,FAAH,ATGRIP,GMD1,DG1
GO:0051704	multi-organism process	27	1535	0.27	0.0233	3702.AT1G02140.1,3702.AT1G15110.2,3702.AT1G27320.1,3702.AT1G37130.1,3702.AT1G65930.1,3702.AT2G34480.1,3702.AT2G36910.1,3702.AT2G38120.1,3702.AT2G38290.1,3702.AT2G40000.1,3702.AT2G47510.1,3702.AT3G01420.1,3702.AT3G45640.1,3702.AT3G55800.1,3702.AT3G56640.1,3702.AT3G57130.1,3702.AT4G01370.1,3702.AT4G16195.1,3702.AT4G19040.2,3702.AT4G36290.1,3702.AT4G37870.1,3702.AT4G37930.1,3702.AT5G48030.1,3702.AT5G50850.1,3702.AT5G51600.1,3702.AT5G56580.1,3702.AT5G64440.1	MAGO,PSS1,HK3,NIA2,cICDH,AT2G34480,ABCB1,AUX1,AMT2,HSPRO2,FUM1,DOX1,MPK3,SBPASE,SEC15A,BOP1,MPK4,AT4G16195,EDR2,CRT1,PCK1,SHM1,GFA2,MAB1,PLE,MKK6,FAAH
GO:0034220	ion transmembrane transport	15	656	0.38	0.0243	3702.AT1G10130.1,3702.AT1G12840.1,3702.AT1G17840.1,3702.AT1G30450.2,3702.AT1G44100.1,3702.AT1G67640.1,3702.AT2G26900.1,3702.AT2G38120.1,3702.AT2G38290.1,3702.AT2G39130.1,3702.AT2G39450.1,3702.AT3G23430.1,3702.AT5G09690.2,3702.AT5G14040.1,3702.AT5G60770.1	ECA3,DET3,ABCG11,CCC1,AAP5,AT1G67640,BASS2,AUX1,AMT2,AT2G39130,MTP11,PHO1,MGT7,PHT3;1,NRT2.4
GO:0045087	innate immune response	9	283	0.53	0.0246	3702.AT2G40000.1,3702.AT3G01420.1,3702.AT3G45640.1,3702.AT3G57130.1,3702.AT4G01370.1,3702.AT4G19040.2,3702.AT4G36290.1,3702.AT4G37870.1,3702.AT4G37930.1	HSPRO2,DOX1,MPK3,BOP1,MPK4,EDR2,CRT1,PCK1,SHM1
GO:0010033	response to organic substance	30	1786	0.25	0.0251	3702.AT1G17840.1,3702.AT1G27320.1,3702.AT2G05100.1,3702.AT2G17820.1,3702.AT2G18060.1,3702.AT2G25820.1,3702.AT2G34680.1,3702.AT2G36910.1,3702.AT2G38120.1,3702.AT2G38280.2,3702.AT2G40000.1,3702.AT3G01420.1,3702.AT3G07370.1,3702.AT3G08550.1,3702.AT3G16090.1,3702.AT3G45640.1,3702.AT3G54180.1,3702.AT3G57130.1,3702.AT3G58490.1,3702.AT4G01370.1,3702.AT4G19040.2,3702.AT4G26410.1,3702.AT4G27030.1,3702.AT5G19990.1,3702.AT5G30510.1,3702.AT5G42270.1,3702.AT5G46210.1,3702.AT5G49720.1,3702.AT5G51810.1,3702.AT5G51990.1	ABCG11,HK3,LHCB2.1,HK1,VND1,ESE2,AIR9,ABCB1,AUX1,FAC1,HSPRO2,DOX1,CHIP,KOB1,Hrd1A,MPK3,CDKB1;1,BOP1,AT3G58490,MPK4,EDR2,AT4G26410,FADA,RPT6A,RPS1,VAR1,CUL4,GH9A1,GA20OX2,CBF4
GO:0044247	cellular polysaccharide catabolic process	4	55	0.88	0.0294	3702.AT1G48930.1,3702.AT2G20680.1,3702.AT4G28320.1,3702.AT5G49720.1	GH9C1,MAN2,MAN5,GH9A1
GO:0007112	male meiosis cytokinesis	2	6	1.55	0.0299	3702.AT4G01370.1,3702.AT5G56580.1	MPK4,MKK6
GO:0044260	cellular macromolecule metabolic process	69	5262	0.14	0.0311	3702.AT1G01860.1,3702.AT1G02140.1,3702.AT1G02680.1,3702.AT1G06040.1,3702.AT1G06590.1,3702.AT1G14100.1,3702.AT1G26110.1,3702.AT1G27320.1,3702.AT1G29070.1,3702.AT1G30680.1,3702.AT1G48520.1,3702.AT1G48930.1,3702.AT1G52310.1,3702.AT1G66430.1,3702.AT1G67370.1,3702.AT1G70600.1,3702.AT1G75660.1,3702.AT1G76890.2,3702.AT2G05100.1,3702.AT2G05840.1,3702.AT2G15430.1,3702.AT2G16910.1,3702.AT2G17820.1,3702.AT2G18060.1,3702.AT2G20680.1,3702.AT2G25820.1,3702.AT2G31510.1,3702.AT2G34480.1,3702.AT2G37190.1,3702.AT3G04840.1,3702.AT3G07370.1,3702.AT3G08550.1,3702.AT3G08720.2,3702.AT3G16090.1,3702.AT3G22320.1,3702.AT3G23730.1,3702.AT3G45640.1,3702.AT3G48590.1,3702.AT3G48930.1,3702.AT3G54180.1,3702.AT3G55800.1,3702.AT3G57130.1,3702.AT3G57490.1,3702.AT4G01370.1,3702.AT4G16570.1,3702.AT4G24620.1,3702.AT4G27030.1,3702.AT4G28320.1,3702.AT4G31400.1,3702.AT4G31700.1,3702.AT4G34870.1,3702.AT4G36290.1,3702.AT4G38470.1,3702.AT5G02850.1,3702.AT5G13870.1,3702.AT5G14580.1,3702.AT5G18380.1,3702.AT5G19990.1,3702.AT5G35530.1,3702.AT5G42270.1,3702.AT5G46210.1,3702.AT5G49720.1,3702.AT5G51990.1,3702.AT5G52470.1,3702.AT5G56580.1,3702.AT5G59240.1,3702.AT5G66030.1,3702.AT5G67250.1,3702.AT5G67570.1	PFC1,MAGO,TAF13,STO,AT1G06590,FUT8,DCP5,HK3,AT1G29070,AT1G30680,GATB,GH9C1,AT1G52310,AT1G66430,ASY1,AT1G70600,XRN3,GT2,LHCB2.1,At2g05840,NRPB3,AMS,HK1,VND1,MAN2,ESE2,ARI7,AT2G34480,AT2G37190,AT3G04840,CHIP,KOB1,S6K2,Hrd1A,NRPB5,XTH16,MPK3,NF-YC1,EMB1080,CDKB1;1,SBPASE,BOP1,AT3G57490,MPK4,PRMT7,PGI1,FADA,MAN5,CTF7,RPS6A,ROC5,CRT1,STY46,AT5G02850,XTH5,AT5G14580,AT5G18380,RPT6A,AT5G35530,VAR1,CUL4,GH9A1,CBF4,FIB1,MKK6,AT5G59240,ATGRIP,SKIP2,DG1
GO:0006972	hyperosmotic response	4	57	0.87	0.0325	3702.AT1G05260.1,3702.AT3G14440.1,3702.AT4G01370.1,3702.AT5G49720.1	RCI3,NCED3,MPK4,GH9A1
GO:0044764	multi-organism cellular process	5	96	0.74	0.0331	3702.AT3G01420.1,3702.AT3G45640.1,3702.AT4G19040.2,3702.AT4G36290.1,3702.AT4G37930.1	DOX1,MPK3,EDR2,CRT1,SHM1
GO:0030433	ubiquitin-dependent ERAD pathway	3	27	1.07	0.0338	3702.AT3G16090.1,3702.AT4G27030.1,3702.AT5G19990.1	Hrd1A,FADA,RPT6A
GO:0055114	oxidation-reduction process	24	1357	0.27	0.0352	3702.AT1G05260.1,3702.AT1G37130.1,3702.AT1G65930.1,3702.AT2G44160.1,3702.AT2G46960.2,3702.AT2G47510.1,3702.AT3G01420.1,3702.AT3G12800.1,3702.AT3G14440.1,3702.AT3G17810.1,3702.AT3G27820.1,3702.AT3G45300.1,3702.AT3G54690.1,3702.AT4G02580.1,3702.AT4G12110.1,3702.AT4G16210.1,3702.AT4G21200.1,3702.AT4G27030.1,3702.AT4G27270.1,3702.AT4G34350.1,3702.AT5G15180.1,3702.AT5G50850.1,3702.AT5G51810.1,3702.AT5G58330.1	RCI3,NIA2,cICDH,MTHFR2,CYP709B1,FUM1,DOX1,SDRB,NCED3,PYD1,MDAR4,IVD,SETH3,AT4G02580,SMO1-1,ECHIA,GA2OX8,FADA,AT4G27270,HDR,AT5G15180,MAB1,GA20OX2,AT5G58330
GO:0006996	organelle organization	23	1283	0.28	0.0362	3702.AT1G06950.1,3702.AT1G20110.1,3702.AT1G26110.1,3702.AT1G30680.1,3702.AT1G67370.1,3702.AT2G26770.1,3702.AT2G37190.1,3702.AT3G09740.1,3702.AT3G16630.1,3702.AT3G47430.1,3702.AT4G01370.1,3702.AT4G16570.1,3702.AT4G31400.1,3702.AT4G36290.1,3702.AT4G38470.1,3702.AT5G43500.1,3702.AT5G48030.1,3702.AT5G49720.1,3702.AT5G51600.1,3702.AT5G52470.1,3702.AT5G56580.1,3702.AT5G66030.1,3702.AT5G67570.1	TIC110,AT1G20110,DCP5,AT1G30680,ASY1,SCAB1,AT2G37190,SYP71,KIN13A,PEX11B,MPK4,PRMT7,CTF7,CRT1,STY46,ARP9,GFA2,GH9A1,PLE,FIB1,MKK6,ATGRIP,DG1
GO:0010375	stomatal complex patterning	2	7	1.48	0.0363	3702.AT2G15430.1,3702.AT2G17820.1	NRPB3,HK1
GO:0034308	primary alcohol metabolic process	2	7	1.48	0.0363	3702.AT1G54570.1,3702.AT5G64440.1	PES1,FAAH
GO:0046355	mannan catabolic process	2	7	1.48	0.0363	3702.AT2G20680.1,3702.AT4G28320.1	MAN2,MAN5
GO:0001101	response to acid chemical	20	1058	0.3	0.0366	3702.AT1G05260.1,3702.AT1G17840.1,3702.AT1G27320.1,3702.AT2G05100.1,3702.AT2G17820.1,3702.AT2G38280.2,3702.AT2G40000.1,3702.AT3G01420.1,3702.AT3G07370.1,3702.AT3G08550.1,3702.AT3G14440.1,3702.AT3G45640.1,3702.AT3G57130.1,3702.AT3G58490.1,3702.AT4G01370.1,3702.AT4G19040.2,3702.AT5G46210.1,3702.AT5G51810.1,3702.AT5G51990.1,3702.AT5G60770.1	RCI3,ABCG11,HK3,LHCB2.1,HK1,FAC1,HSPRO2,DOX1,CHIP,KOB1,NCED3,MPK3,BOP1,AT3G58490,MPK4,EDR2,CUL4,GA20OX2,CBF4,NRT2.4
GO:0016101	diterpenoid metabolic process	3	29	1.04	0.0387	3702.AT1G54570.1,3702.AT4G21200.1,3702.AT5G51810.1	PES1,GA2OX8,GA20OX2
GO:1903338	regulation of cell wall organization or biogenesis	3	29	1.04	0.0387	3702.AT2G18060.1,3702.AT3G08550.1,3702.AT3G16630.1	VND1,KOB1,KIN13A
GO:0009250	glucan biosynthetic process	5	102	0.71	0.0394	3702.AT1G14100.1,3702.AT1G66430.1,3702.AT3G08550.1,3702.AT3G55800.1,3702.AT5G49720.1	FUT8,AT1G66430,KOB1,SBPASE,GH9A1
GO:0006569	tryptophan catabolic process	2	8	1.42	0.0425	3702.AT1G80360.1,3702.AT2G40000.1	AT1G80360,HSPRO2
GO:0042742	defense response to bacterium	9	315	0.48	0.0425	3702.AT1G27320.1,3702.AT1G65930.1,3702.AT2G40000.1,3702.AT3G01420.1,3702.AT3G45640.1,3702.AT3G55800.1,3702.AT3G57130.1,3702.AT5G50850.1,3702.AT5G64440.1	HK3,cICDH,HSPRO2,DOX1,MPK3,SBPASE,BOP1,MAB1,FAAH
GO:0060919	auxin influx	2	8	1.42	0.0425	3702.AT2G36910.1,3702.AT2G38120.1	ABCB1,AUX1
GO:0006796	phosphate-containing compound metabolic process	27	1636	0.24	0.0439	3702.AT1G15080.1,3702.AT1G15110.2,3702.AT1G27320.1,3702.AT1G30680.1,3702.AT1G34430.1,3702.AT1G52310.1,3702.AT1G65930.1,3702.AT1G66430.1,3702.AT2G17820.1,3702.AT2G38280.2,3702.AT3G08720.2,3702.AT3G21070.1,3702.AT3G45640.1,3702.AT3G54180.1,3702.AT3G54690.1,3702.AT3G55800.1,3702.AT4G01370.1,3702.AT4G02580.1,3702.AT4G24620.1,3702.AT4G27030.1,3702.AT4G34350.1,3702.AT4G34640.1,3702.AT4G38470.1,3702.AT5G43300.1,3702.AT5G50850.1,3702.AT5G56580.1,3702.AT5G58330.1	LPP2,PSS1,HK3,AT1G30680,EMB3003,AT1G52310,cICDH,AT1G66430,HK1,FAC1,S6K2,NADK1,MPK3,CDKB1;1,SETH3,SBPASE,MPK4,AT4G02580,PGI1,FADA,HDR,SQS1,STY46,GDPD3,MAB1,MKK6,AT5G58330
GO:0048731	system development	25	1474	0.25	0.0439	3702.AT1G02140.1,3702.AT1G02680.1,3702.AT1G06040.1,3702.AT1G10130.1,3702.AT1G17840.1,3702.AT1G27320.1,3702.AT2G02970.1,3702.AT2G16910.1,3702.AT2G17820.1,3702.AT2G34480.1,3702.AT2G34680.1,3702.AT2G35720.1,3702.AT2G36910.1,3702.AT2G38120.1,3702.AT2G38280.2,3702.AT3G08550.1,3702.AT3G45640.1,3702.AT3G54180.1,3702.AT3G57130.1,3702.AT4G02560.1,3702.AT4G31400.1,3702.AT5G46210.1,3702.AT5G49720.1,3702.AT5G51810.1,3702.AT5G56580.1	MAGO,TAF13,STO,ECA3,ABCG11,HK3,AT2G02970,AMS,HK1,AT2G34480,AIR9,OWL1,ABCB1,AUX1,FAC1,KOB1,MPK3,CDKB1;1,BOP1,LD,CTF7,CUL4,GH9A1,GA20OX2,MKK6
GO:0097435	supramolecular fiber organization	5	106	0.7	0.0439	3702.AT2G26770.1,3702.AT3G16630.1,3702.AT4G01370.1,3702.AT5G49720.1,3702.AT5G51600.1	SCAB1,KIN13A,MPK4,GH9A1,PLE
GO:0006810	transport	33	2140	0.21	0.0456	3702.AT1G02140.1,3702.AT1G03950.1,3702.AT1G06950.1,3702.AT1G09960.1,3702.AT1G10130.1,3702.AT1G12840.1,3702.AT1G17840.1,3702.AT1G20110.1,3702.AT1G30450.2,3702.AT1G31812.1,3702.AT1G44100.1,3702.AT1G54350.1,3702.AT1G67640.1,3702.AT1G70330.1,3702.AT2G26900.1,3702.AT2G36910.1,3702.AT2G38120.1,3702.AT2G38290.1,3702.AT2G38330.1,3702.AT2G39130.1,3702.AT2G39450.1,3702.AT3G09740.1,3702.AT3G10600.1,3702.AT3G23430.1,3702.AT3G53230.1,3702.AT3G56640.1,3702.AT4G04910.1,3702.AT5G09690.2,3702.AT5G12370.2,3702.AT5G14040.1,3702.AT5G49960.1,3702.AT5G60770.1,3702.AT5G66030.1	MAGO,VPS2.3,TIC110,SUT4,ECA3,DET3,ABCG11,AT1G20110,CCC1,ACBP6,AAP5,ABCD2,AT1G67640,ENT1,BASS2,ABCB1,AUX1,AMT2,AT2G38330,AT2G39130,MTP11,SYP71,CAT7,PHO1,AtCDC48B,SEC15A,NSF,MGT7,SEC10,PHT3;1,AT5G49960,NRT2.4,ATGRIP
GO:0000209	protein polyubiquitination	4	67	0.8	0.0468	3702.AT2G31510.1,3702.AT3G16090.1,3702.AT4G27030.1,3702.AT5G46210.1	ARI7,Hrd1A,FADA,CUL4
GO:0006811	ion transport	17	869	0.31	0.0468	3702.AT1G10130.1,3702.AT1G12840.1,3702.AT1G17840.1,3702.AT1G30450.2,3702.AT1G44100.1,3702.AT1G67640.1,3702.AT2G26900.1,3702.AT2G38120.1,3702.AT2G38290.1,3702.AT2G39130.1,3702.AT2G39450.1,3702.AT3G10600.1,3702.AT3G23430.1,3702.AT5G09690.2,3702.AT5G14040.1,3702.AT5G49960.1,3702.AT5G60770.1	ECA3,DET3,ABCG11,CCC1,AAP5,AT1G67640,BASS2,AUX1,AMT2,AT2G39130,MTP11,CAT7,PHO1,MGT7,PHT3;1,AT5G49960,NRT2.4
GO:0010035	response to inorganic substance	16	795	0.33	0.0468	3702.AT1G05260.1,3702.AT1G27320.1,3702.AT1G65930.1,3702.AT2G05100.1,3702.AT2G17820.1,3702.AT2G39450.1,3702.AT3G01420.1,3702.AT3G14440.1,3702.AT3G27820.1,3702.AT3G45640.1,3702.AT3G53230.1,3702.AT4G37870.1,3702.AT4G37930.1,3702.AT4G39660.1,3702.AT5G59720.1,3702.AT5G60770.1	RCI3,HK3,cICDH,LHCB2.1,HK1,MTP11,DOX1,NCED3,MDAR4,MPK3,AtCDC48B,PCK1,SHM1,AGT2,HSP18.2,NRT2.4
GO:0019359	nicotinamide nucleotide biosynthetic process	4	67	0.8	0.0468	3702.AT1G34430.1,3702.AT3G21070.1,3702.AT4G24620.1,3702.AT5G50850.1	EMB3003,NADK1,PGI1,MAB1
GO:0045732	positive regulation of protein catabolic process	3	33	0.98	0.0470	3702.AT2G31510.1,3702.AT3G53230.1,3702.AT5G19990.1	ARI7,AtCDC48B,RPT6A
GO:0003333	amino acid transmembrane transport	4	68	0.79	0.0477	3702.AT1G44100.1,3702.AT1G67640.1,3702.AT2G38120.1,3702.AT2G39130.1	AAP5,AT1G67640,AUX1,AT2G39130
GO:0009260	ribonucleotide biosynthetic process	6	159	0.6	0.0479	3702.AT1G30680.1,3702.AT1G34430.1,3702.AT2G38280.2,3702.AT3G54690.1,3702.AT4G24620.1,3702.AT5G50850.1	AT1G30680,EMB3003,FAC1,SETH3,PGI1,MAB1
GO:0006732	coenzyme metabolic process	8	271	0.49	0.0495	3702.AT1G34430.1,3702.AT1G65930.1,3702.AT2G44160.1,3702.AT3G21070.1,3702.AT4G24620.1,3702.AT4G37930.1,3702.AT5G50850.1,3702.AT5G58330.1	EMB3003,cICDH,MTHFR2,NADK1,PGI1,SHM1,MAB1,AT5G58330
GO:0006807	nitrogen compound metabolic process	87	7152	0.11	0.0499	3702.AT1G01860.1,3702.AT1G02140.1,3702.AT1G02680.1,3702.AT1G06040.1,3702.AT1G06590.1,3702.AT1G14100.1,3702.AT1G15110.2,3702.AT1G26110.1,3702.AT1G27320.1,3702.AT1G29070.1,3702.AT1G30680.1,3702.AT1G34430.1,3702.AT1G37130.1,3702.AT1G48520.1,3702.AT1G52310.1,3702.AT1G65930.1,3702.AT1G67370.1,3702.AT1G70600.1,3702.AT1G75660.1,3702.AT1G76890.2,3702.AT1G77030.1,3702.AT1G80360.1,3702.AT2G05100.1,3702.AT2G05840.1,3702.AT2G15430.1,3702.AT2G16910.1,3702.AT2G17820.1,3702.AT2G18060.1,3702.AT2G25820.1,3702.AT2G29050.1,3702.AT2G31510.1,3702.AT2G34480.1,3702.AT2G37190.1,3702.AT2G38280.2,3702.AT2G40000.1,3702.AT2G44160.1,3702.AT3G04840.1,3702.AT3G07370.1,3702.AT3G08720.2,3702.AT3G14390.1,3702.AT3G16090.1,3702.AT3G17810.1,3702.AT3G21070.1,3702.AT3G22320.1,3702.AT3G45300.1,3702.AT3G45640.1,3702.AT3G48590.1,3702.AT3G48930.1,3702.AT3G54180.1,3702.AT3G54230.2,3702.AT3G54690.1,3702.AT3G57130.1,3702.AT3G57490.1,3702.AT3G57680.1,3702.AT3G58490.1,3702.AT4G01370.1,3702.AT4G02580.1,3702.AT4G16570.1,3702.AT4G17620.1,3702.AT4G24620.1,3702.AT4G27030.1,3702.AT4G31400.1,3702.AT4G31700.1,3702.AT4G34870.1,3702.AT4G36290.1,3702.AT4G37930.1,3702.AT4G38470.1,3702.AT5G02850.1,3702.AT5G14580.1,3702.AT5G15550.1,3702.AT5G18380.1,3702.AT5G19990.1,3702.AT5G35530.1,3702.AT5G42270.1,3702.AT5G46210.1,3702.AT5G50850.1,3702.AT5G51990.1,3702.AT5G52470.1,3702.AT5G56580.1,3702.AT5G58330.1,3702.AT5G59240.1,3702.AT5G60770.1,3702.AT5G64440.1,3702.AT5G66030.1,3702.AT5G66280.1,3702.AT5G67250.1,3702.AT5G67570.1	PFC1,MAGO,TAF13,STO,AT1G06590,FUT8,PSS1,DCP5,HK3,AT1G29070,AT1G30680,EMB3003,NIA2,GATB,AT1G52310,cICDH,ASY1,AT1G70600,XRN3,GT2,AT1G77030,AT1G80360,LHCB2.1,At2g05840,NRPB3,AMS,HK1,VND1,ESE2,RBL1,ARI7,AT2G34480,AT2G37190,FAC1,HSPRO2,MTHFR2,AT3G04840,CHIP,S6K2,AT3G14390,Hrd1A,PYD1,NADK1,NRPB5,IVD,MPK3,NF-YC1,EMB1080,CDKB1;1,SUA,SETH3,BOP1,AT3G57490,AT3G57680,AT3G58490,MPK4,AT4G02580,PRMT7,AT4G17620,PGI1,FADA,CTF7,RPS6A,ROC5,CRT1,SHM1,STY46,AT5G02850,AT5G14580,AT5G15550,AT5G18380,RPT6A,AT5G35530,VAR1,CUL4,MAB1,CBF4,FIB1,MKK6,AT5G58330,AT5G59240,NRT2.4,FAAH,ATGRIP,GMD1,SKIP2,DG1
GO:0009624	response to nematode	4	70	0.78	0.0499	3702.AT2G36910.1,3702.AT2G38120.1,3702.AT2G38290.1,3702.AT5G51600.1	ABCB1,AUX1,AMT2,PLE
GO:0016042	lipid catabolic process	7	215	0.54	0.0499	3702.AT1G28650.1,3702.AT1G51440.1,3702.AT1G71120.1,3702.AT3G01420.1,3702.AT3G51970.1,3702.AT4G16210.1,3702.AT5G43300.1	AT1G28650,AT1G51440,GLIP6,DOX1,ASAT1,ECHIA,GDPD3
GO:0048608	reproductive structure development	18	957	0.3	0.0499	3702.AT1G02140.1,3702.AT1G02680.1,3702.AT1G06040.1,3702.AT1G17840.1,3702.AT2G02970.1,3702.AT2G16910.1,3702.AT2G17820.1,3702.AT2G34480.1,3702.AT2G35720.1,3702.AT2G36910.1,3702.AT2G38280.2,3702.AT3G45640.1,3702.AT3G54180.1,3702.AT3G57130.1,3702.AT4G02560.1,3702.AT4G31400.1,3702.AT5G46210.1,3702.AT5G51810.1	MAGO,TAF13,STO,ABCG11,AT2G02970,AMS,HK1,AT2G34480,OWL1,ABCB1,FAC1,MPK3,CDKB1;1,BOP1,LD,CTF7,CUL4,GA20OX2
GO:1901701	cellular response to oxygen-containing compound	13	596	0.36	0.0499	3702.AT1G27320.1,3702.AT2G05100.1,3702.AT2G17820.1,3702.AT3G01420.1,3702.AT3G08550.1,3702.AT3G45640.1,3702.AT3G57130.1,3702.AT4G01370.1,3702.AT4G26410.1,3702.AT5G46210.1,3702.AT5G51810.1,3702.AT5G51990.1,3702.AT5G60770.1	HK3,LHCB2.1,HK1,DOX1,KOB1,MPK3,BOP1,MPK4,AT4G26410,CUL4,GA20OX2,CBF4,NRT2.4
